-- Data for ICC catalogs

INSERT INTO icc_tipo_persona (icc_tipo_persona_id, ad_client_id, ad_org_id, createdby, updatedby, codigo, valor) VALUES (1000000, 1000000, 0, 100, 100, 'NAT', 'Natural');
INSERT INTO icc_tipo_persona (icc_tipo_persona_id, ad_client_id, ad_org_id, createdby, updatedby, codigo, valor) VALUES (1000001, 1000000, 0, 100, 100, 'JUR', 'Jurídica');
INSERT INTO icc_tipo_documento (icc_tipo_documento_id, ad_client_id, ad_org_id, createdby, updatedby, codigo, valor) VALUES (1000000, 1000000, 0, 100, 100, 'CED', 'Cédula de Identidad');
INSERT INTO icc_tipo_documento (icc_tipo_documento_id, ad_client_id, ad_org_id, createdby, updatedby, codigo, valor) VALUES (1000001, 1000000, 0, 100, 100, 'RUC', 'Registro Único de Contribuyentes');
INSERT INTO icc_tipo_documento (icc_tipo_documento_id, ad_client_id, ad_org_id, createdby, updatedby, codigo, valor) VALUES (1000002, 1000000, 0, 100, 100, 'PAS', 'Pasaporte');
INSERT INTO icc_tipo_documento (icc_tipo_documento_id, ad_client_id, ad_org_id, createdby, updatedby, codigo, valor) VALUES (1000003, 1000000, 0, 100, 100, 'OTR', 'Otro');


INSERT INTO icc_pais (icc_pais_id, ad_client_id, ad_org_id, createdby, updatedby, codigo, valor) VALUES (1000000, 1000000, 0, 100, 100, 'NIC', 'Nicaragua');
INSERT INTO icc_pais (icc_pais_id, ad_client_id, ad_org_id, createdby, updatedby, codigo, valor) VALUES (1000001, 1000000, 0, 100, 100, 'SLV', 'El Salvador');
INSERT INTO icc_pais (icc_pais_id, ad_client_id, ad_org_id, createdby, updatedby, codigo, valor) VALUES (1000002, 1000000, 0, 100, 100, 'HND', 'Honduras');
INSERT INTO icc_pais (icc_pais_id, ad_client_id, ad_org_id, createdby, updatedby, codigo, valor) VALUES (1000003, 1000000, 0, 100, 100, 'GTM', 'Guatemala');
INSERT INTO icc_pais (icc_pais_id, ad_client_id, ad_org_id, createdby, updatedby, codigo, valor) VALUES (1000004, 1000000, 0, 100, 100, 'CRI', 'Costa Rica');
INSERT INTO icc_pais (icc_pais_id, ad_client_id, ad_org_id, createdby, updatedby, codigo, valor) VALUES (1000005, 1000000, 0, 100, 100, 'PAN', 'Panamá');


INSERT INTO icc_tipo_credito (icc_tipo_credito_id, ad_client_id, ad_org_id, createdby, updatedby, codigo, valor) VALUES (1000000, 1000000, 0, 100, 100, 'IND', 'Individual');
INSERT INTO icc_tipo_credito (icc_tipo_credito_id, ad_client_id, ad_org_id, createdby, updatedby, codigo, valor) VALUES (1000001, 1000000, 0, 100, 100, 'SOL', 'Solidario');


INSERT INTO icc_tipo_agrupacion_credito (icc_tipo_agrupacion_credito_id, ad_client_id, ad_org_id, createdby, updatedby, codigo, valor) VALUES (1000000, 1000000, 0, 100, 100, 'GRU', 'Grupo');
INSERT INTO icc_tipo_agrupacion_credito (icc_tipo_agrupacion_credito_id, ad_client_id, ad_org_id, createdby, updatedby, codigo, valor) VALUES (1000001, 1000000, 0, 100, 100, 'COM', 'Comunal');


INSERT INTO icc_modalidad_credito (icc_modalidad_credito_id, ad_client_id, ad_org_id, createdby, updatedby, codigo, valor) VALUES (1000000, 1000000, 0, 100, 100, 'NVO', 'Nuevo');
INSERT INTO icc_modalidad_credito (icc_modalidad_credito_id, ad_client_id, ad_org_id, createdby, updatedby, codigo, valor) VALUES (1000001, 1000000, 0, 100, 100, 'REN', 'Renovación');
INSERT INTO icc_modalidad_credito (icc_modalidad_credito_id, ad_client_id, ad_org_id, createdby, updatedby, codigo, valor) VALUES (1000002, 1000000, 0, 100, 100, 'REES', 'Reestructuración');


INSERT INTO icc_periodo_cobro_principal (icc_periodo_cobro_principal_id, ad_client_id, ad_org_id, createdby, updatedby, codigo, valor) VALUES (1000000, 1000000, 0, 100, 100, 'DIA', 'Diario');
INSERT INTO icc_periodo_cobro_principal (icc_periodo_cobro_principal_id, ad_client_id, ad_org_id, createdby, updatedby, codigo, valor) VALUES (1000001, 1000000, 0, 100, 100, 'SEM', 'Semanal');
INSERT INTO icc_periodo_cobro_principal (icc_periodo_cobro_principal_id, ad_client_id, ad_org_id, createdby, updatedby, codigo, valor) VALUES (1000002, 1000000, 0, 100, 100, 'QUI', 'Quincenal');
INSERT INTO icc_periodo_cobro_principal (icc_periodo_cobro_principal_id, ad_client_id, ad_org_id, createdby, updatedby, codigo, valor) VALUES (1000003, 1000000, 0, 100, 100, 'MEN', 'Mensual');


INSERT INTO icc_periodo_cobro_interes (icc_periodo_cobro_interes_id, ad_client_id, ad_org_id, createdby, updatedby, codigo, valor) VALUES (1000000, 1000000, 0, 100, 100, 'DIA', 'Diario');
INSERT INTO icc_periodo_cobro_interes (icc_periodo_cobro_interes_id, ad_client_id, ad_org_id, createdby, updatedby, codigo, valor) VALUES (1000001, 1000000, 0, 100, 100, 'SEM', 'Semanal');
INSERT INTO icc_periodo_cobro_interes (icc_periodo_cobro_interes_id, ad_client_id, ad_org_id, createdby, updatedby, codigo, valor) VALUES (1000002, 1000000, 0, 100, 100, 'QUI', 'Quincenal');
INSERT INTO icc_periodo_cobro_interes (icc_periodo_cobro_interes_id, ad_client_id, ad_org_id, createdby, updatedby, codigo, valor) VALUES (1000003, 1000000, 0, 100, 100, 'MEN', 'Mensual');


INSERT INTO icc_moneda (icc_moneda_id, ad_client_id, ad_org_id, createdby, updatedby, codigo, valor) VALUES (1000000, 1000000, 0, 100, 100, 'NIO', 'Córdobas');
INSERT INTO icc_moneda (icc_moneda_id, ad_client_id, ad_org_id, createdby, updatedby, codigo, valor) VALUES (1000001, 1000000, 0, 100, 100, 'USD', 'Dólares');


INSERT INTO icc_estado_credito (icc_estado_credito_id, ad_client_id, ad_org_id, createdby, updatedby, codigo, valor) VALUES (1000000, 1000000, 0, 100, 100, 'ACT', 'Activo');
INSERT INTO icc_estado_credito (icc_estado_credito_id, ad_client_id, ad_org_id, createdby, updatedby, codigo, valor) VALUES (1000001, 1000000, 0, 100, 100, 'CAN', 'Cancelado');
INSERT INTO icc_estado_credito (icc_estado_credito_id, ad_client_id, ad_org_id, createdby, updatedby, codigo, valor) VALUES (1000002, 1000000, 0, 100, 100, 'MOR', 'Moroso');
INSERT INTO icc_estado_credito (icc_estado_credito_id, ad_client_id, ad_org_id, createdby, updatedby, codigo, valor) VALUES (1000003, 1000000, 0, 100, 100, 'JUD', 'Judicial');


INSERT INTO icc_situacion_credito (icc_situacion_credito_id, ad_client_id, ad_org_id, createdby, updatedby, codigo, valor) VALUES (1000000, 1000000, 0, 100, 100, 'NOR', 'Normal');
INSERT INTO icc_situacion_credito (icc_situacion_credito_id, ad_client_id, ad_org_id, createdby, updatedby, codigo, valor) VALUES (1000001, 1000000, 0, 100, 100, 'VEN', 'Vencido');
INSERT INTO icc_situacion_credito (icc_situacion_credito_id, ad_client_id, ad_org_id, createdby, updatedby, codigo, valor) VALUES (1000002, 1000000, 0, 100, 100, 'JUD', 'Judicial');


INSERT INTO icc_genero (icc_genero_id, ad_client_id, ad_org_id, createdby, updatedby, codigo, valor) VALUES (1000000, 1000000, 0, 100, 100, 'M', 'Masculino');
INSERT INTO icc_genero (icc_genero_id, ad_client_id, ad_org_id, createdby, updatedby, codigo, valor) VALUES (1000001, 1000000, 0, 100, 100, 'F', 'Femenino');


INSERT INTO icc_estado_civil (icc_estado_civil_id, ad_client_id, ad_org_id, createdby, updatedby, codigo, valor) VALUES (1000000, 1000000, 0, 100, 100, 'SOL', 'Soltero/a');
INSERT INTO icc_estado_civil (icc_estado_civil_id, ad_client_id, ad_org_id, createdby, updatedby, codigo, valor) VALUES (1000001, 1000000, 0, 100, 100, 'CAS', 'Casado/a');
INSERT INTO icc_estado_civil (icc_estado_civil_id, ad_client_id, ad_org_id, createdby, updatedby, codigo, valor) VALUES (1000002, 1000000, 0, 100, 100, 'DIV', 'Divorciado/a');
INSERT INTO icc_estado_civil (icc_estado_civil_id, ad_client_id, ad_org_id, createdby, updatedby, codigo, valor) VALUES (1000003, 1000000, 0, 100, 100, 'VIU', 'Viudo/a');
INSERT INTO icc_estado_civil (icc_estado_civil_id, ad_client_id, ad_org_id, createdby, updatedby, codigo, valor) VALUES (1000004, 1000000, 0, 100, 100, 'UNI', 'Unión Libre');


INSERT INTO icc_sector_economico (icc_sector_economico_id, ad_client_id, ad_org_id, createdby, updatedby, codigo, valor) VALUES (1000000, 1000000, 0, 100, 100, 'AGR', 'Agricultura, Ganadería, Caza y Silvicultura');
INSERT INTO icc_sector_economico (icc_sector_economico_id, ad_client_id, ad_org_id, createdby, updatedby, codigo, valor) VALUES (1000001, 1000000, 0, 100, 100, 'PES', 'Pesca');
INSERT INTO icc_sector_economico (icc_sector_economico_id, ad_client_id, ad_org_id, createdby, updatedby, codigo, valor) VALUES (1000002, 1000000, 0, 100, 100, 'EXT', 'Explotación de Minas y Canteras');
INSERT INTO icc_sector_economico (icc_sector_economico_id, ad_client_id, ad_org_id, createdby, updatedby, codigo, valor) VALUES (1000003, 1000000, 0, 100, 100, 'MAN', 'Industrias Manufactureras');
INSERT INTO icc_sector_economico (icc_sector_economico_id, ad_client_id, ad_org_id, createdby, updatedby, codigo, valor) VALUES (1000004, 1000000, 0, 100, 100, 'ELE', 'Suministro de Electricidad, Gas y Agua');
INSERT INTO icc_sector_economico (icc_sector_economico_id, ad_client_id, ad_org_id, createdby, updatedby, codigo, valor) VALUES (1000005, 1000000, 0, 100, 100, 'CON', 'Construcción');
INSERT INTO icc_sector_economico (icc_sector_economico_id, ad_client_id, ad_org_id, createdby, updatedby, codigo, valor) VALUES (1000006, 1000000, 0, 100, 100, 'COM', 'Comercio al por Mayor y al por Menor');
INSERT INTO icc_sector_economico (icc_sector_economico_id, ad_client_id, ad_org_id, createdby, updatedby, codigo, valor) VALUES (1000007, 1000000, 0, 100, 100, 'HOT', 'Hoteles y Restaurantes');
INSERT INTO icc_sector_economico (icc_sector_economico_id, ad_client_id, ad_org_id, createdby, updatedby, codigo, valor) VALUES (1000008, 1000000, 0, 100, 100, 'TRA', 'Transporte, Almacenamiento y Comunicaciones');
INSERT INTO icc_sector_economico (icc_sector_economico_id, ad_client_id, ad_org_id, createdby, updatedby, codigo, valor) VALUES (1000009, 1000000, 0, 100, 100, 'FIN', 'Intermediación Financiera');
INSERT INTO icc_sector_economico (icc_sector_economico_id, ad_client_id, ad_org_id, createdby, updatedby, codigo, valor) VALUES (1000010, 1000000, 0, 100, 100, 'INM', 'Actividades Inmobiliarias, Empresariales y de Alquiler');
INSERT INTO icc_sector_economico (icc_sector_economico_id, ad_client_id, ad_org_id, createdby, updatedby, codigo, valor) VALUES (1000011, 1000000, 0, 100, 100, 'PUB', 'Administración Pública y Defensa');
INSERT INTO icc_sector_economico (icc_sector_economico_id, ad_client_id, ad_org_id, createdby, updatedby, codigo, valor) VALUES (1000012, 1000000, 0, 100, 100, 'EDU', 'Educación');
INSERT INTO icc_sector_economico (icc_sector_economico_id, ad_client_id, ad_org_id, createdby, updatedby, codigo, valor) VALUES (1000013, 1000000, 0, 100, 100, 'SAL', 'Servicios Sociales y de Salud');
INSERT INTO icc_sector_economico (icc_sector_economico_id, ad_client_id, ad_org_id, createdby, updatedby, codigo, valor) VALUES (1000014, 1000000, 0, 100, 100, 'OTR', 'Otras Actividades de Servicios Comunitarios, Sociales y Personales');


INSERT INTO icc_estado_linea (icc_estado_linea_id, ad_client_id, ad_org_id, createdby, updatedby, codigo, valor) VALUES (1000000, 1000000, 0, 100, 100, 'ACT', 'Activa');
INSERT INTO icc_estado_linea (icc_estado_linea_id, ad_client_id, ad_org_id, createdby, updatedby, codigo, valor) VALUES (1000001, 1000000, 0, 100, 100, 'INA', 'Inactiva');


INSERT INTO icc_tipo_linea (icc_tipo_linea_id, ad_client_id, ad_org_id, createdby, updatedby, codigo, valor) VALUES (1000000, 1000000, 0, 100, 100, 'CRE', 'Crédito');
INSERT INTO icc_tipo_linea (icc_tipo_linea_id, ad_client_id, ad_org_id, createdby, updatedby, codigo, valor) VALUES (1000001, 1000000, 0, 100, 100, 'DES', 'Descuento');


INSERT INTO icc_origen_recursos (icc_origen_recursos_id, ad_client_id, ad_org_id, createdby, updatedby, codigo, valor) VALUES (1000000, 1000000, 0, 100, 100, 'PRO', 'Propios');
INSERT INTO icc_origen_recursos (icc_origen_recursos_id, ad_client_id, ad_org_id, createdby, updatedby, codigo, valor) VALUES (1000001, 1000000, 0, 100, 100, 'EXT', 'Externos');


INSERT INTO icc_clasificacion_credito (icc_clasificacion_credito_id, ad_client_id, ad_org_id, createdby, updatedby, codigo, valor) VALUES (1000000, 1000000, 0, 100, 100, 'A', 'A - Riesgo Normal');
INSERT INTO icc_clasificacion_credito (icc_clasificacion_credito_id, ad_client_id, ad_org_id, createdby, updatedby, codigo, valor) VALUES (1000001, 1000000, 0, 100, 100, 'B', 'B - Riesgo Potencial');
INSERT INTO icc_clasificacion_credito (icc_clasificacion_credito_id, ad_client_id, ad_org_id, createdby, updatedby, codigo, valor) VALUES (1000002, 1000000, 0, 100, 100, 'C', 'C - Riesgo Subestándar');
INSERT INTO icc_clasificacion_credito (icc_clasificacion_credito_id, ad_client_id, ad_org_id, createdby, updatedby, codigo, valor) VALUES (1000003, 1000000, 0, 100, 100, 'D', 'D - Riesgo Dudoso');
INSERT INTO icc_clasificacion_credito (icc_clasificacion_credito_id, ad_client_id, ad_org_id, createdby, updatedby, codigo, valor) VALUES (1000004, 1000000, 0, 100, 100, 'E', 'E - Riesgo Pérdida');


INSERT INTO icc_garantia (icc_garantia_id, ad_client_id, ad_org_id, createdby, updatedby, codigo, valor) VALUES (1000000, 1000000, 0, 100, 100, 'PRE', 'Prendaria');
INSERT INTO icc_garantia (icc_garantia_id, ad_client_id, ad_org_id, createdby, updatedby, codigo, valor) VALUES (1000001, 1000000, 0, 100, 100, 'HIP', 'Hipotecaria');
INSERT INTO icc_garantia (icc_garantia_id, ad_client_id, ad_org_id, createdby, updatedby, codigo, valor) VALUES (1000002, 1000000, 0, 100, 100, 'FID', 'Fiduciaria');
INSERT INTO icc_garantia (icc_garantia_id, ad_client_id, ad_org_id, createdby, updatedby, codigo, valor) VALUES (1000003, 1000000, 0, 100, 100, 'AUT', 'Autoliquidable');
INSERT INTO icc_garantia (icc_garantia_id, ad_client_id, ad_org_id, createdby, updatedby, codigo, valor) VALUES (1000004, 1000000, 0, 100, 100, 'OTR', 'Otras');


INSERT INTO icc_tipo_grupo (icc_tipo_grupo_id, ad_client_id, ad_org_id, createdby, updatedby, codigo, valor) VALUES (1000000, 1000000, 0, 100, 100, 'SOL', 'Solidario');
INSERT INTO icc_tipo_grupo (icc_tipo_grupo_id, ad_client_id, ad_org_id, createdby, updatedby, codigo, valor) VALUES (1000001, 1000000, 0, 100, 100, 'COM', 'Comunal');


INSERT INTO icc_met_atencion (icc_met_atencion_id, ad_client_id, ad_org_id, createdby, updatedby, codigo, valor) VALUES (1000000, 1000000, 0, 100, 100, 'OFI', 'Oficina');
INSERT INTO icc_met_atencion (icc_met_atencion_id, ad_client_id, ad_org_id, createdby, updatedby, codigo, valor) VALUES (1000001, 1000000, 0, 100, 100, 'CAM', 'Campo');


INSERT INTO icc_tipo_zona (icc_tipo_zona_id, ad_client_id, ad_org_id, createdby, updatedby, codigo, valor) VALUES (1000000, 1000000, 0, 100, 100, 'URB', 'Urbana');
INSERT INTO icc_tipo_zona (icc_tipo_zona_id, ad_client_id, ad_org_id, createdby, updatedby, codigo, valor) VALUES (1000001, 1000000, 0, 100, 100, 'RUR', 'Rural');


INSERT INTO icc_tipo_fondo (icc_tipo_fondo_id, ad_client_id, ad_org_id, createdby, updatedby, codigo, valor) VALUES (1000000, 1000000, 0, 100, 100, 'PRO', 'Propio');
INSERT INTO icc_tipo_fondo (icc_tipo_fondo_id, ad_client_id, ad_org_id, createdby, updatedby, codigo, valor) VALUES (1000001, 1000000, 0, 100, 100, 'EXT', 'Externo');


INSERT INTO icc_situacion_obligacion (icc_situacion_obligacion_id, ad_client_id, ad_org_id, createdby, updatedby, codigo, valor) VALUES (1000000, 1000000, 0, 100, 100, 'NOR', 'Normal');
INSERT INTO icc_situacion_obligacion (icc_situacion_obligacion_id, ad_client_id, ad_org_id, createdby, updatedby, codigo, valor) VALUES (1000001, 1000000, 0, 100, 100, 'VEN', 'Vencida');
INSERT INTO icc_situacion_obligacion (icc_situacion_obligacion_id, ad_client_id, ad_org_id, createdby, updatedby, codigo, valor) VALUES (1000002, 1000000, 0, 100, 100, 'JUD', 'Judicial');


INSERT INTO icc_origen_fondo (icc_origen_fondo_id, ad_client_id, ad_org_id, createdby, updatedby, codigo, valor) VALUES (1000000, 1000000, 0, 100, 100, 'PRO', 'Propio');
INSERT INTO icc_origen_fondo (icc_origen_fondo_id, ad_client_id, ad_org_id, createdby, updatedby, codigo, valor) VALUES (1000001, 1000000, 0, 100, 100, 'EXT', 'Externo');


INSERT INTO icc_estado_bien (icc_estado_bien_id, ad_client_id, ad_org_id, createdby, updatedby, codigo, valor) VALUES (1000000, 1000000, 0, 100, 100, 'NVO', 'Nuevo');
INSERT INTO icc_estado_bien (icc_estado_bien_id, ad_client_id, ad_org_id, createdby, updatedby, codigo, valor) VALUES (1000001, 1000000, 0, 100, 100, 'USO', 'En Uso');
INSERT INTO icc_estado_bien (icc_estado_bien_id, ad_client_id, ad_org_id, createdby, updatedby, codigo, valor) VALUES (1000002, 1000000, 0, 100, 100, 'DAN', 'Dañado');


INSERT INTO icc_forma_pago (icc_forma_pago_id, ad_client_id, ad_org_id, createdby, updatedby, codigo, valor) VALUES (1000000, 1000000, 0, 100, 100, 'EFE', 'Efectivo');
INSERT INTO icc_forma_pago (icc_forma_pago_id, ad_client_id, ad_org_id, createdby, updatedby, codigo, valor) VALUES (1000001, 1000000, 0, 100, 100, 'CHE', 'Cheque');
INSERT INTO icc_forma_pago (icc_forma_pago_id, ad_client_id, ad_org_id, createdby, updatedby, codigo, valor) VALUES (1000002, 1000000, 0, 100, 100, 'TRA', 'Transferencia');


INSERT INTO icc_tipo_bien (icc_tipo_bien_id, ad_client_id, ad_org_id, createdby, updatedby, codigo, valor) VALUES (1000000, 1000000, 0, 100, 100, 'MUE', 'Mueble');
INSERT INTO icc_tipo_bien (icc_tipo_bien_id, ad_client_id, ad_org_id, createdby, updatedby, codigo, valor) VALUES (1000001, 1000000, 0, 100, 100, 'INM', 'Inmueble');


INSERT INTO icc_tipo_cartera (icc_tipo_cartera_id, ad_client_id, ad_org_id, createdby, updatedby, codigo, valor) VALUES (1000000, 1000000, 0, 100, 100, 'CRE', 'Crédito');
INSERT INTO icc_tipo_cartera (icc_tipo_cartera_id, ad_client_id, ad_org_id, createdby, updatedby, codigo, valor) VALUES (1000001, 1000000, 0, 100, 100, 'DES', 'Descuento');


INSERT INTO icc_tipo_colocacion (icc_tipo_colocacion_id, ad_client_id, ad_org_id, createdby, updatedby, codigo, valor) VALUES (1000000, 1000000, 0, 100, 100, 'IND', 'Individual');
INSERT INTO icc_tipo_colocacion (icc_tipo_colocacion_id, ad_client_id, ad_org_id, createdby, updatedby, codigo, valor) VALUES (1000001, 1000000, 0, 100, 100, 'SOL', 'Solidario');


INSERT INTO icc_tipo_fondo_colocacion (icc_tipo_fondo_colocacion_id, ad_client_id, ad_org_id, createdby, updatedby, codigo, valor) VALUES (1000000, 1000000, 0, 100, 100, 'PRO', 'Propio');
INSERT INTO icc_tipo_fondo_colocacion (icc_tipo_fondo_colocacion_id, ad_client_id, ad_org_id, createdby, updatedby, codigo, valor) VALUES (1000001, 1000000, 0, 100, 100, 'EXT', 'Externo');


INSERT INTO icc_tipo_lugar (icc_tipo_lugar_id, ad_client_id, ad_org_id, createdby, updatedby, codigo, valor) VALUES (1000000, 1000000, 0, 100, 100, 'CASA', 'Casa');
INSERT INTO icc_tipo_lugar (icc_tipo_lugar_id, ad_client_id, ad_org_id, createdby, updatedby, codigo, valor) VALUES (1000001, 1000000, 0, 100, 100, 'TRAB', 'Trabajo');
INSERT INTO icc_tipo_lugar (icc_tipo_lugar_id, ad_client_id, ad_org_id, createdby, updatedby, codigo, valor) VALUES (1000002, 1000000, 0, 100, 100, 'NEG', 'Negocio');


INSERT INTO icc_tipo_persona_juridica (icc_tipo_persona_juridica_id, ad_client_id, ad_org_id, createdby, updatedby, codigo, valor) VALUES (1000000, 1000000, 0, 100, 100, 'SOC', 'Sociedad Anónima');
INSERT INTO icc_tipo_persona_juridica (icc_tipo_persona_juridica_id, ad_client_id, ad_org_id, createdby, updatedby, codigo, valor) VALUES (1000001, 1000000, 0, 100, 100, 'LTDA', 'Sociedad de Responsabilidad Limitada');
INSERT INTO icc_tipo_persona_juridica (icc_tipo_persona_juridica_id, ad_client_id, ad_org_id, createdby, updatedby, codigo, valor) VALUES (1000002, 1000000, 0, 100, 100, 'COOP', 'Cooperativa');
INSERT INTO icc_tipo_persona_juridica (icc_tipo_persona_juridica_id, ad_client_id, ad_org_id, createdby, updatedby, codigo, valor) VALUES (1000003, 1000000, 0, 100, 100, 'PUB', 'Pública');
INSERT INTO icc_tipo_persona_juridica (icc_tipo_persona_juridica_id, ad_client_id, ad_org_id, createdby, updatedby, codigo, valor) VALUES (1000004, 1000000, 0, 100, 100, 'OTR', 'Otra');


INSERT INTO icc_tipo_trx_obligacion (icc_tipo_trx_obligacion_id, ad_client_id, ad_org_id, createdby, updatedby, codigo, valor) VALUES (1000000, 1000000, 0, 100, 100, 'DES', 'Desembolso');
INSERT INTO icc_tipo_trx_obligacion (icc_tipo_trx_obligacion_id, ad_client_id, ad_org_id, createdby, updatedby, codigo, valor) VALUES (1000001, 1000000, 0, 100, 100, 'PAG', 'Pago');
INSERT INTO icc_tipo_trx_obligacion (icc_tipo_trx_obligacion_id, ad_client_id, ad_org_id, createdby, updatedby, codigo, valor) VALUES (1000002, 1000000, 0, 100, 100, 'INT', 'Intereses');
INSERT INTO icc_tipo_trx_obligacion (icc_tipo_trx_obligacion_id, ad_client_id, ad_org_id, createdby, updatedby, codigo, valor) VALUES (1000003, 1000000, 0, 100, 100, 'MOR', 'Mora');
INSERT INTO icc_tipo_trx_obligacion (icc_tipo_trx_obligacion_id, ad_client_id, ad_org_id, createdby, updatedby, codigo, valor) VALUES (1000004, 1000000, 0, 100, 100, 'COM', 'Comisión');


INSERT INTO icc_municipio (icc_municipio_id, ad_client_id, ad_org_id, createdby, updatedby, codigo, valor) VALUES (1000000, 1000000, 0, 100, 100, '001', 'Managua');
INSERT INTO icc_municipio (icc_municipio_id, ad_client_id, ad_org_id, createdby, updatedby, codigo, valor) VALUES (1000001, 1000000, 0, 100, 100, '002', 'León');
INSERT INTO icc_municipio (icc_municipio_id, ad_client_id, ad_org_id, createdby, updatedby, codigo, valor) VALUES (1000002, 1000000, 0, 100, 100, '003', 'Masaya');
INSERT INTO icc_municipio (icc_municipio_id, ad_client_id, ad_org_id, createdby, updatedby, codigo, valor) VALUES (1000003, 1000000, 0, 100, 100, '004', 'Granada');
INSERT INTO icc_municipio (icc_municipio_id, ad_client_id, ad_org_id, createdby, updatedby, codigo, valor) VALUES (1000004, 1000000, 0, 100, 100, '005', 'Estelí');
INSERT INTO icc_municipio (icc_municipio_id, ad_client_id, ad_org_id, createdby, updatedby, codigo, valor) VALUES (1000005, 1000000, 0, 100, 100, '006', 'Chinandega');
INSERT INTO icc_municipio (icc_municipio_id, ad_client_id, ad_org_id, createdby, updatedby, codigo, valor) VALUES (1000006, 1000000, 0, 100, 100, '007', 'Matagalpa');
INSERT INTO icc_municipio (icc_municipio_id, ad_client_id, ad_org_id, createdby, updatedby, codigo, valor) VALUES (1000007, 1000000, 0, 100, 100, '008', 'Jinotega');
INSERT INTO icc_municipio (icc_municipio_id, ad_client_id, ad_org_id, createdby, updatedby, codigo, valor) VALUES (1000008, 1000000, 0, 100, 100, '009', 'Rivas');
INSERT INTO icc_municipio (icc_municipio_id, ad_client_id, ad_org_id, createdby, updatedby, codigo, valor) VALUES (1000009, 1000000, 0, 100, 100, '010', 'Boaco');
INSERT INTO icc_municipio (icc_municipio_id, ad_client_id, ad_org_id, createdby, updatedby, codigo, valor) VALUES (1000010, 1000000, 0, 100, 100, '011', 'Chontales');
INSERT INTO icc_municipio (icc_municipio_id, ad_client_id, ad_org_id, createdby, updatedby, codigo, valor) VALUES (1000011, 1000000, 0, 100, 100, '012', 'Carazo');
INSERT INTO icc_municipio (icc_municipio_id, ad_client_id, ad_org_id, createdby, updatedby, codigo, valor) VALUES (1000012, 1000000, 0, 100, 100, '013', 'Madriz');
INSERT INTO icc_municipio (icc_municipio_id, ad_client_id, ad_org_id, createdby, updatedby, codigo, valor) VALUES (1000013, 1000000, 0, 100, 100, '014', 'Nueva Segovia');
INSERT INTO icc_municipio (icc_municipio_id, ad_client_id, ad_org_id, createdby, updatedby, codigo, valor) VALUES (1000014, 1000000, 0, 100, 100, '015', 'Río San Juan');
INSERT INTO icc_municipio (icc_municipio_id, ad_client_id, ad_org_id, createdby, updatedby, codigo, valor) VALUES (1000015, 1000000, 0, 100, 100, '016', 'RACCS');
INSERT INTO icc_municipio (icc_municipio_id, ad_client_id, ad_org_id, createdby, updatedby, codigo, valor) VALUES (1000016, 1000000, 0, 100, 100, 'RACCN', 'RACCN');


INSERT INTO icc_actividad_economica (icc_actividad_economica_id, ad_client_id, ad_org_id, createdby, updatedby, codigo, valor) VALUES (1000000, 1000000, 0, 100, 100, '0111000', 'Cultivo de Cereales (Excepto Arroz), Legumbres y Semillas Oleaginosas.');
INSERT INTO icc_actividad_economica (icc_actividad_economica_id, ad_client_id, ad_org_id, createdby, updatedby, codigo, valor) VALUES (1000001, 1000000, 0, 100, 100, '0112000', 'Cultivo de Arroz.');
INSERT INTO icc_actividad_economica (icc_actividad_economica_id, ad_client_id, ad_org_id, createdby, updatedby, codigo, valor) VALUES (1000002, 1000000, 0, 100, 100, '0113000', 'Cultivo de Hortalizas, Legumbres y Melones, Raíces y Tubérculos.');
INSERT INTO icc_actividad_economica (icc_actividad_economica_id, ad_client_id, ad_org_id, createdby, updatedby, codigo, valor) VALUES (1000003, 1000000, 0, 100, 100, '0114000', 'Cultivo de Caña de Azúcar.');
INSERT INTO icc_actividad_economica (icc_actividad_economica_id, ad_client_id, ad_org_id, createdby, updatedby, codigo, valor) VALUES (1000004, 1000000, 0, 100, 100, '0115000', 'Cultivo de Tabaco.');
INSERT INTO icc_actividad_economica (icc_actividad_economica_id, ad_client_id, ad_org_id, createdby, updatedby, codigo, valor) VALUES (1000005, 1000000, 0, 100, 100, '0116000', 'Cultivo de Plantas para la Obtención de Fibras.');
INSERT INTO icc_actividad_economica (icc_actividad_economica_id, ad_client_id, ad_org_id, createdby, updatedby, codigo, valor) VALUES (1000006, 1000000, 0, 100, 100, '0119000', 'Otros Cultivos Agrícolas n.c.p.');
INSERT INTO icc_actividad_economica (icc_actividad_economica_id, ad_client_id, ad_org_id, createdby, updatedby, codigo, valor) VALUES (1000007, 1000000, 0, 100, 100, '0120000', 'Cultivo de Frutas, Café, Cacao y Especias.');
INSERT INTO icc_actividad_economica (icc_actividad_economica_id, ad_client_id, ad_org_id, createdby, updatedby, codigo, valor) VALUES (1000008, 1000000, 0, 100, 100, '0121000', 'Cultivo de Frutas Tropicales y Subtropicales.');
INSERT INTO icc_actividad_economica (icc_actividad_economica_id, ad_client_id, ad_org_id, createdby, updatedby, codigo, valor) VALUES (1000009, 1000000, 0, 100, 100, '0122000', 'Cultivo de Cítricos.');
INSERT INTO icc_actividad_economica (icc_actividad_economica_id, ad_client_id, ad_org_id, createdby, updatedby, codigo, valor) VALUES (1000010, 1000000, 0, 100, 100, '0123000', 'Cultivo de Frutas de Hueso y Pepita.');
INSERT INTO icc_actividad_economica (icc_actividad_economica_id, ad_client_id, ad_org_id, createdby, updatedby, codigo, valor) VALUES (1000011, 1000000, 0, 100, 100, '0124000', 'Cultivo de Uvas.');
INSERT INTO icc_actividad_economica (icc_actividad_economica_id, ad_client_id, ad_org_id, createdby, updatedby, codigo, valor) VALUES (1000012, 1000000, 0, 100, 100, '0125000', 'Cultivo de Frutos Secos.');
INSERT INTO icc_actividad_economica (icc_actividad_economica_id, ad_client_id, ad_org_id, createdby, updatedby, codigo, valor) VALUES (1000013, 1000000, 0, 100, 100, '0126000', 'Cultivo de Café.');
INSERT INTO icc_actividad_economica (icc_actividad_economica_id, ad_client_id, ad_org_id, createdby, updatedby, codigo, valor) VALUES (1000014, 1000000, 0, 100, 100, '0127000', 'Cultivo de Cacao.');
INSERT INTO icc_actividad_economica (icc_actividad_economica_id, ad_client_id, ad_org_id, createdby, updatedby, codigo, valor) VALUES (1000015, 1000000, 0, 100, 100, '0128000', 'Cultivo de Especias.');
INSERT INTO icc_actividad_economica (icc_actividad_economica_id, ad_client_id, ad_org_id, createdby, updatedby, codigo, valor) VALUES (1000016, 1000000, 0, 100, 100, '0129000', 'Otros Cultivos de Frutas, Café, Cacao y Especias n.c.p.');
INSERT INTO icc_actividad_economica (icc_actividad_economica_id, ad_client_id, ad_org_id, createdby, updatedby, codigo, valor) VALUES (1000017, 1000000, 0, 100, 100, '0130000', 'Cultivo de Plantas Vivas y Productos de la Floricultura.');
INSERT INTO icc_actividad_economica (icc_actividad_economica_id, ad_client_id, ad_org_id, createdby, updatedby, codigo, valor) VALUES (1000018, 1000000, 0, 100, 100, '0140000', 'Producción de Animales.');
INSERT INTO icc_actividad_economica (icc_actividad_economica_id, ad_client_id, ad_org_id, createdby, updatedby, codigo, valor) VALUES (1000019, 1000000, 0, 100, 100, '0141000', 'Cría de Ganado Bovino.');
INSERT INTO icc_actividad_economica (icc_actividad_economica_id, ad_client_id, ad_org_id, createdby, updatedby, codigo, valor) VALUES (1000020, 1000000, 0, 100, 100, '0142000', 'Cría de Ganado Ovino y Caprino.');
INSERT INTO icc_actividad_economica (icc_actividad_economica_id, ad_client_id, ad_org_id, createdby, updatedby, codigo, valor) VALUES (1000021, 1000000, 0, 100, 100, '0143000', 'Cría de Ganado Porcino.');
INSERT INTO icc_actividad_economica (icc_actividad_economica_id, ad_client_id, ad_org_id, createdby, updatedby, codigo, valor) VALUES (1000022, 1000000, 0, 100, 100, '0144000', 'Cría de Aves de Corral.');
INSERT INTO icc_actividad_economica (icc_actividad_economica_id, ad_client_id, ad_org_id, createdby, updatedby, codigo, valor) VALUES (1000023, 1000000, 0, 100, 100, '0145000', 'Cría de Otros Animales.');
INSERT INTO icc_actividad_economica (icc_actividad_economica_id, ad_client_id, ad_org_id, createdby, updatedby, codigo, valor) VALUES (1000024, 1000000, 0, 100, 100, '0150000', 'Cultivo de Productos Agrícolas en Combinación con la Cría de Animales (Actividades Mixtas).');
INSERT INTO icc_actividad_economica (icc_actividad_economica_id, ad_client_id, ad_org_id, createdby, updatedby, codigo, valor) VALUES (1000025, 1000000, 0, 100, 100, '0160000', 'Actividades de Apoyo a la Agricultura y la Ganadería, Excepto las Actividades de Post-Cosecha.');
INSERT INTO icc_actividad_economica (icc_actividad_economica_id, ad_client_id, ad_org_id, createdby, updatedby, codigo, valor) VALUES (1000026, 1000000, 0, 100, 100, '0161000', 'Actividades de Apoyo a la Agricultura.');
INSERT INTO icc_actividad_economica (icc_actividad_economica_id, ad_client_id, ad_org_id, createdby, updatedby, codigo, valor) VALUES (1000027, 1000000, 0, 100, 100, '0162000', 'Actividades de Apoyo a la Ganadería.');
INSERT INTO icc_actividad_economica (icc_actividad_economica_id, ad_client_id, ad_org_id, createdby, updatedby, codigo, valor) VALUES (1000028, 1000000, 0, 100, 100, '0163000', 'Actividades de Post-Cosecha.');
INSERT INTO icc_actividad_economica (icc_actividad_economica_id, ad_client_id, ad_org_id, createdby, updatedby, codigo, valor) VALUES (1000029, 1000000, 0, 100, 100, '0170000', 'Caza y Actividades de Servicios Conexas.');
INSERT INTO icc_actividad_economica (icc_actividad_economica_id, ad_client_id, ad_org_id, createdby, updatedby, codigo, valor) VALUES (1000030, 1000000, 0, 100, 100, '0200000', 'Silvicultura y Extracción de Madera.');
INSERT INTO icc_actividad_economica (icc_actividad_economica_id, ad_client_id, ad_org_id, createdby, updatedby, codigo, valor) VALUES (1000031, 1000000, 0, 100, 100, '0210000', 'Silvicultura y Otras Actividades Forestales.');
INSERT INTO icc_actividad_economica (icc_actividad_economica_id, ad_client_id, ad_org_id, createdby, updatedby, codigo, valor) VALUES (1000032, 1000000, 0, 100, 100, '0220000', 'Extracción de Madera.');
INSERT INTO icc_actividad_economica (icc_actividad_economica_id, ad_client_id, ad_org_id, createdby, updatedby, codigo, valor) VALUES (1000033, 1000000, 0, 100, 100, '0230000', 'Recolección de Productos Forestales No Madereros.');
INSERT INTO icc_actividad_economica (icc_actividad_economica_id, ad_client_id, ad_org_id, createdby, updatedby, codigo, valor) VALUES (1000034, 1000000, 0, 100, 100, '0240000', 'Actividades de Apoyo a la Silvicultura.');
INSERT INTO icc_actividad_economica (icc_actividad_economica_id, ad_client_id, ad_org_id, createdby, updatedby, codigo, valor) VALUES (1000035, 1000000, 0, 100, 100, '0300000', 'Pesca y Acuicultura.');
INSERT INTO icc_actividad_economica (icc_actividad_economica_id, ad_client_id, ad_org_id, createdby, updatedby, codigo, valor) VALUES (1000036, 1000000, 0, 100, 100, '0310000', 'Pesca.');
INSERT INTO icc_actividad_economica (icc_actividad_economica_id, ad_client_id, ad_org_id, createdby, updatedby, codigo, valor) VALUES (1000037, 1000000, 0, 100, 100, '0320000', 'Acuicultura.');
INSERT INTO icc_actividad_economica (icc_actividad_economica_id, ad_client_id, ad_org_id, createdby, updatedby, codigo, valor) VALUES (1000038, 1000000, 0, 100, 100, '0500000', 'Explotación de Minas y Canteras.');
INSERT INTO icc_actividad_economica (icc_actividad_economica_id, ad_client_id, ad_org_id, createdby, updatedby, codigo, valor) VALUES (1000039, 1000000, 0, 100, 100, '0510000', 'Extracción de Carbón de Piedra.');
INSERT INTO icc_actividad_economica (icc_actividad_economica_id, ad_client_id, ad_org_id, createdby, updatedby, codigo, valor) VALUES (1000040, 1000000, 0, 100, 100, '0520000', 'Extracción de Lignito.');
INSERT INTO icc_actividad_economica (icc_actividad_economica_id, ad_client_id, ad_org_id, createdby, updatedby, codigo, valor) VALUES (1000041, 1000000, 0, 100, 100, '0530000', 'Extracción de Turba.');
INSERT INTO icc_actividad_economica (icc_actividad_economica_id, ad_client_id, ad_org_id, createdby, updatedby, codigo, valor) VALUES (1000042, 1000000, 0, 100, 100, '0600000', 'Extracción de Petróleo Crudo y Gas Natural.');
INSERT INTO icc_actividad_economica (icc_actividad_economica_id, ad_client_id, ad_org_id, createdby, updatedby, codigo, valor) VALUES (1000043, 1000000, 0, 100, 100, '0610000', 'Extracción de Petróleo Crudo.');
INSERT INTO icc_actividad_economica (icc_actividad_economica_id, ad_client_id, ad_org_id, createdby, updatedby, codigo, valor) VALUES (1000044, 1000000, 0, 100, 100, '0620000', 'Extracción de Gas Natural.');
INSERT INTO icc_actividad_economica (icc_actividad_economica_id, ad_client_id, ad_org_id, createdby, updatedby, codigo, valor) VALUES (1000045, 1000000, 0, 100, 100, '0700000', 'Extracción de Minerales Metálicos.');
INSERT INTO icc_actividad_economica (icc_actividad_economica_id, ad_client_id, ad_org_id, createdby, updatedby, codigo, valor) VALUES (1000046, 1000000, 0, 100, 100, '0710000', 'Extracción de Minerales de Hierro.');
INSERT INTO icc_actividad_economica (icc_actividad_economica_id, ad_client_id, ad_org_id, createdby, updatedby, codigo, valor) VALUES (1000047, 1000000, 0, 100, 100, '0720000', 'Extracción de Minerales No Ferrosos.');
INSERT INTO icc_actividad_economica (icc_actividad_economica_id, ad_client_id, ad_org_id, createdby, updatedby, codigo, valor) VALUES (1000048, 1000000, 0, 100, 100, '0800000', 'Otras Explotaciones de Minas y Canteras.');
INSERT INTO icc_actividad_economica (icc_actividad_economica_id, ad_client_id, ad_org_id, createdby, updatedby, codigo, valor) VALUES (1000049, 1000000, 0, 100, 100, '0810000', 'Extracción de Piedra, Arena y Arcilla.');
INSERT INTO icc_actividad_economica (icc_actividad_economica_id, ad_client_id, ad_org_id, createdby, updatedby, codigo, valor) VALUES (1000050, 1000000, 0, 100, 100, '0890000', 'Otras Explotaciones de Minas y Canteras n.c.p.');
INSERT INTO icc_actividad_economica (icc_actividad_economica_id, ad_client_id, ad_org_id, createdby, updatedby, codigo, valor) VALUES (1000051, 1000000, 0, 100, 100, '0900000', 'Actividades de Servicios de Apoyo para la Explotación de Minas y Canteras.');
INSERT INTO icc_actividad_economica (icc_actividad_economica_id, ad_client_id, ad_org_id, createdby, updatedby, codigo, valor) VALUES (1000052, 1000000, 0, 100, 100, '0910000', 'Actividades de Servicios de Apoyo para la Extracción de Petróleo y Gas Natural.');
INSERT INTO icc_actividad_economica (icc_actividad_economica_id, ad_client_id, ad_org_id, createdby, updatedby, codigo, valor) VALUES (1000053, 1000000, 0, 100, 100, '0990000', 'Actividades de Servicios de Apoyo para Otras Explotaciones de Minas y Canteras.');
INSERT INTO icc_actividad_economica (icc_actividad_economica_id, ad_client_id, ad_org_id, createdby, updatedby, codigo, valor) VALUES (1000054, 1000000, 0, 100, 100, '1000000', 'Industrias Manufactureras.');
INSERT INTO icc_actividad_economica (icc_actividad_economica_id, ad_client_id, ad_org_id, createdby, updatedby, codigo, valor) VALUES (1000055, 1000000, 0, 100, 100, '1010000', 'Elaboración de Productos Alimenticios.');
INSERT INTO icc_actividad_economica (icc_actividad_economica_id, ad_client_id, ad_org_id, createdby, updatedby, codigo, valor) VALUES (1000056, 1000000, 0, 100, 100, '1011000', 'Procesamiento y Conservación de Carne.');
INSERT INTO icc_actividad_economica (icc_actividad_economica_id, ad_client_id, ad_org_id, createdby, updatedby, codigo, valor) VALUES (1000057, 1000000, 0, 100, 100, '1012000', 'Procesamiento y Conservación de Pescado, Crustáceos y Moluscos.');
INSERT INTO icc_actividad_economica (icc_actividad_economica_id, ad_client_id, ad_org_id, createdby, updatedby, codigo, valor) VALUES (1000058, 1000000, 0, 100, 100, '1020000', 'Elaboración de Productos Lácteos.');
INSERT INTO icc_actividad_economica (icc_actividad_economica_id, ad_client_id, ad_org_id, createdby, updatedby, codigo, valor) VALUES (1000059, 1000000, 0, 100, 100, '1030000', 'Elaboración de Productos de Molinería, Almidones y Productos Derivados del Almidón.');
INSERT INTO icc_actividad_economica (icc_actividad_economica_id, ad_client_id, ad_org_id, createdby, updatedby, codigo, valor) VALUES (1000060, 1000000, 0, 100, 100, '1031000', 'Elaboración de Productos de Molinería.');
INSERT INTO icc_actividad_economica (icc_actividad_economica_id, ad_client_id, ad_org_id, createdby, updatedby, codigo, valor) VALUES (1000061, 1000000, 0, 100, 100, '1032000', 'Elaboración de Almidones y Productos Derivados del Almidón.');
INSERT INTO icc_actividad_economica (icc_actividad_economica_id, ad_client_id, ad_org_id, createdby, updatedby, codigo, valor) VALUES (1000062, 1000000, 0, 100, 100, '1040000', 'Elaboración de Productos de Panadería, Pastelería y Fideos.');
INSERT INTO icc_actividad_economica (icc_actividad_economica_id, ad_client_id, ad_org_id, createdby, updatedby, codigo, valor) VALUES (1000063, 1000000, 0, 100, 100, '1041000', 'Elaboración de Productos de Panadería y Pastelería.');
INSERT INTO icc_actividad_economica (icc_actividad_economica_id, ad_client_id, ad_org_id, createdby, updatedby, codigo, valor) VALUES (1000064, 1000000, 0, 100, 100, '1042000', 'Elaboración de Fideos, Macarrones, Tallarines y Productos Similares.');
INSERT INTO icc_actividad_economica (icc_actividad_economica_id, ad_client_id, ad_org_id, createdby, updatedby, codigo, valor) VALUES (1000065, 1000000, 0, 100, 100, '1050000', 'Elaboración de Otros Productos Alimenticios.');
INSERT INTO icc_actividad_economica (icc_actividad_economica_id, ad_client_id, ad_org_id, createdby, updatedby, codigo, valor) VALUES (1000066, 1000000, 0, 100, 100, '1051000', 'Elaboración de Azúcar.');
INSERT INTO icc_actividad_economica (icc_actividad_economica_id, ad_client_id, ad_org_id, createdby, updatedby, codigo, valor) VALUES (1000067, 1000000, 0, 100, 100, '1052000', 'Elaboración de Cacao, Chocolate y Productos de Confitería.');
INSERT INTO icc_actividad_economica (icc_actividad_economica_id, ad_client_id, ad_org_id, createdby, updatedby, codigo, valor) VALUES (1000068, 1000000, 0, 100, 100, '1053000', 'Elaboración de Café.');
INSERT INTO icc_actividad_economica (icc_actividad_economica_id, ad_client_id, ad_org_id, createdby, updatedby, codigo, valor) VALUES (1000069, 1000000, 0, 100, 100, '1054000', 'Elaboración de Té y Yerba Mate.');
INSERT INTO icc_actividad_economica (icc_actividad_economica_id, ad_client_id, ad_org_id, createdby, updatedby, codigo, valor) VALUES (1000070, 1000000, 0, 100, 100, '1055000', 'Elaboración de Especias, Salsas y Condimentos.');
INSERT INTO icc_actividad_economica (icc_actividad_economica_id, ad_client_id, ad_org_id, createdby, updatedby, codigo, valor) VALUES (1000071, 1000000, 0, 100, 100, '1056000', 'Elaboración de Alimentos Preparados para Animales.');
INSERT INTO icc_actividad_economica (icc_actividad_economica_id, ad_client_id, ad_org_id, createdby, updatedby, codigo, valor) VALUES (1000072, 1000000, 0, 100, 100, '1059000', 'Elaboración de Otros Productos Alimenticios n.c.p.');
INSERT INTO icc_actividad_economica (icc_actividad_economica_id, ad_client_id, ad_org_id, createdby, updatedby, codigo, valor) VALUES (1000073, 1000000, 0, 100, 100, '1060000', 'Elaboración de Bebidas.');
INSERT INTO icc_actividad_economica (icc_actividad_economica_id, ad_client_id, ad_org_id, createdby, updatedby, codigo, valor) VALUES (1000074, 1000000, 0, 100, 100, '1061000', 'Destilación, Rectificación y Mezcla de Bebidas Alcohólicas, Producción de Alcohol Etílico a Partir de Sustancias Fermentadas.');
INSERT INTO icc_actividad_economica (icc_actividad_economica_id, ad_client_id, ad_org_id, createdby, updatedby, codigo, valor) VALUES (1000075, 1000000, 0, 100, 100, '1062000', 'Elaboración de Vinos.');
INSERT INTO icc_actividad_economica (icc_actividad_economica_id, ad_client_id, ad_org_id, createdby, updatedby, codigo, valor) VALUES (1000076, 1000000, 0, 100, 100, '1063000', 'Elaboración de Cerveza.');
INSERT INTO icc_actividad_economica (icc_actividad_economica_id, ad_client_id, ad_org_id, createdby, updatedby, codigo, valor) VALUES (1000077, 1000000, 0, 100, 100, '1064000', 'Elaboración de Bebidas No Alcohólicas, Producción de Aguas Minerales.');
INSERT INTO icc_actividad_economica (icc_actividad_economica_id, ad_client_id, ad_org_id, createdby, updatedby, codigo, valor) VALUES (1000078, 1000000, 0, 100, 100, '1070000', 'Elaboración de Productos de Tabaco.');
INSERT INTO icc_actividad_economica (icc_actividad_economica_id, ad_client_id, ad_org_id, createdby, updatedby, codigo, valor) VALUES (1000079, 1000000, 0, 100, 100, '1100000', 'Fabricación de Productos Textiles.');
INSERT INTO icc_actividad_economica (icc_actividad_economica_id, ad_client_id, ad_org_id, createdby, updatedby, codigo, valor) VALUES (1000080, 1000000, 0, 100, 100, '1110000', 'Preparación e Hilado de Fibras Textiles, Tejeduría de Productos Textiles.');
INSERT INTO icc_actividad_economica (icc_actividad_economica_id, ad_client_id, ad_org_id, createdby, updatedby, codigo, valor) VALUES (1000081, 1000000, 0, 100, 100, '1120000', 'Acabado de Productos Textiles.');
INSERT INTO icc_actividad_economica (icc_actividad_economica_id, ad_client_id, ad_org_id, createdby, updatedby, codigo, valor) VALUES (1000082, 1000000, 0, 100, 100, '1130000', 'Fabricación de Otros Productos Textiles.');
INSERT INTO icc_actividad_economica (icc_actividad_economica_id, ad_client_id, ad_org_id, createdby, updatedby, codigo, valor) VALUES (1000083, 1000000, 0, 100, 100, '1200000', 'Fabricación de Prendas de Vestir.');
INSERT INTO icc_actividad_economica (icc_actividad_economica_id, ad_client_id, ad_org_id, createdby, updatedby, codigo, valor) VALUES (1000084, 1000000, 0, 100, 100, '1300000', 'Fabricación de Productos de Cuero y Productos Conexos.');
INSERT INTO icc_actividad_economica (icc_actividad_economica_id, ad_client_id, ad_org_id, createdby, updatedby, codigo, valor) VALUES (1000085, 1000000, 0, 100, 100, '1310000', 'Curtido y Adobo de Cueros, Fabricación de Artículos de Viaje, Bolsos de Mano y Artículos Similares, y de Talabartería y Guarnicionería.');
INSERT INTO icc_actividad_economica (icc_actividad_economica_id, ad_client_id, ad_org_id, createdby, updatedby, codigo, valor) VALUES (1000086, 1000000, 0, 100, 100, '1320000', 'Fabricación de Calzado.');
INSERT INTO icc_actividad_economica (icc_actividad_economica_id, ad_client_id, ad_org_id, createdby, updatedby, codigo, valor) VALUES (1000087, 1000000, 0, 100, 100, '1400000', 'Fabricación de Productos de Madera y Corcho, Excepto Muebles; Fabricación de Artículos de Cestería y Espartería.');
INSERT INTO icc_actividad_economica (icc_actividad_economica_id, ad_client_id, ad_org_id, createdby, updatedby, codigo, valor) VALUES (1000088, 1000000, 0, 100, 100, '1410000', 'Aserrado y Acebillado de Madera.');
INSERT INTO icc_actividad_economica (icc_actividad_economica_id, ad_client_id, ad_org_id, createdby, updatedby, codigo, valor) VALUES (1000089, 1000000, 0, 100, 100, '1420000', 'Fabricación de Productos de Madera, Corcho, Cestería y Espartería.');
INSERT INTO icc_actividad_economica (icc_actividad_economica_id, ad_client_id, ad_org_id, createdby, updatedby, codigo, valor) VALUES (1000090, 1000000, 0, 100, 100, '1500000', 'Fabricación de Papel y Productos de Papel.');
INSERT INTO icc_actividad_economica (icc_actividad_economica_id, ad_client_id, ad_org_id, createdby, updatedby, codigo, valor) VALUES (1000091, 1000000, 0, 100, 100, '1510000', 'Fabricación de Pasta de Madera, Papel y Cartón.');
INSERT INTO icc_actividad_economica (icc_actividad_economica_id, ad_client_id, ad_org_id, createdby, updatedby, codigo, valor) VALUES (1000092, 1000000, 0, 100, 100, '1520000', 'Fabricación de Artículos de Papel y Cartón.');
INSERT INTO icc_actividad_economica (icc_actividad_economica_id, ad_client_id, ad_org_id, createdby, updatedby, codigo, valor) VALUES (1000093, 1000000, 0, 100, 100, '1600000', 'Actividades de Impresión y de Servicios Conexas.');
INSERT INTO icc_actividad_economica (icc_actividad_economica_id, ad_client_id, ad_org_id, createdby, updatedby, codigo, valor) VALUES (1000094, 1000000, 0, 100, 100, '1700000', 'Reproducción de Grabaciones.');
INSERT INTO icc_actividad_economica (icc_actividad_economica_id, ad_client_id, ad_org_id, createdby, updatedby, codigo, valor) VALUES (1000095, 1000000, 0, 100, 100, '1800000', 'Fabricación de Productos de Coque y Refinados de Petróleo.');
INSERT INTO icc_actividad_economica (icc_actividad_economica_id, ad_client_id, ad_org_id, createdby, updatedby, codigo, valor) VALUES (1000096, 1000000, 0, 100, 100, '1810000', 'Fabricación de Productos de Coque.');
INSERT INTO icc_actividad_economica (icc_actividad_economica_id, ad_client_id, ad_org_id, createdby, updatedby, codigo, valor) VALUES (1000097, 1000000, 0, 100, 100, '1820000', 'Fabricación de Productos Refinados de Petróleo.');
INSERT INTO icc_actividad_economica (icc_actividad_economica_id, ad_client_id, ad_org_id, createdby, updatedby, codigo, valor) VALUES (1000098, 1000000, 0, 100, 100, '1900000', 'Fabricación de Sustancias y Productos Químicos.');
INSERT INTO icc_actividad_economica (icc_actividad_economica_id, ad_client_id, ad_org_id, createdby, updatedby, codigo, valor) VALUES (1000099, 1000000, 0, 100, 100, '1910000', 'Fabricación de Sustancias Químicas Básicas.');
INSERT INTO icc_actividad_economica (icc_actividad_economica_id, ad_client_id, ad_org_id, createdby, updatedby, codigo, valor) VALUES (1000100, 1000000, 0, 100, 100, '1920000', 'Fabricación de Fertilizantes y Compuestos Nitrogenados.');
INSERT INTO icc_actividad_economica (icc_actividad_economica_id, ad_client_id, ad_org_id, createdby, updatedby, codigo, valor) VALUES (1000101, 1000000, 0, 100, 100, '1930000', 'Fabricación de Plásticos en Formas Primarias y de Caucho Sintético.');
INSERT INTO icc_actividad_economica (icc_actividad_economica_id, ad_client_id, ad_org_id, createdby, updatedby, codigo, valor) VALUES (1000102, 1000000, 0, 100, 100, '1940000', 'Fabricación de Plaguicidas y Otros Productos Agroquímicos.');
INSERT INTO icc_actividad_economica (icc_actividad_economica_id, ad_client_id, ad_org_id, createdby, updatedby, codigo, valor) VALUES (1000103, 1000000, 0, 100, 100, '1950000', 'Fabricación de Pinturas, Barnices y Productos de Revestimiento Similares, Tintas de Impresión y Masillas.');
INSERT INTO icc_actividad_economica (icc_actividad_economica_id, ad_client_id, ad_org_id, createdby, updatedby, codigo, valor) VALUES (1000104, 1000000, 0, 100, 100, '1960000', 'Fabricación de Jabones y Detergentes, Preparados de Limpieza y Pulido, Perfumes y Preparados de Tocador.');
INSERT INTO icc_actividad_economica (icc_actividad_economica_id, ad_client_id, ad_org_id, createdby, updatedby, codigo, valor) VALUES (1000105, 1000000, 0, 100, 100, '1970000', 'Fabricación de Otros Productos Químicos n.c.p.');
INSERT INTO icc_actividad_economica (icc_actividad_economica_id, ad_client_id, ad_org_id, createdby, updatedby, codigo, valor) VALUES (1000106, 1000000, 0, 100, 100, '1980000', 'Fabricación de Fibras Manufacturadas.');
INSERT INTO icc_actividad_economica (icc_actividad_economica_id, ad_client_id, ad_org_id, createdby, updatedby, codigo, valor) VALUES (1000107, 1000000, 0, 100, 100, '2000000', 'Fabricación de Productos Farmacéuticos, Sustancias Químicas Medicinales y Productos Botánicos.');
INSERT INTO icc_actividad_economica (icc_actividad_economica_id, ad_client_id, ad_org_id, createdby, updatedby, codigo, valor) VALUES (1000108, 1000000, 0, 100, 100, '2010000', 'Fabricación de Productos Farmacéuticos, Sustancias Químicas Medicinales y Productos Botánicos.');
INSERT INTO icc_actividad_economica (icc_actividad_economica_id, ad_client_id, ad_org_id, createdby, updatedby, codigo, valor) VALUES (1000109, 1000000, 0, 100, 100, '2020000', 'Fabricación de Productos de Caucho y Plástico.');
INSERT INTO icc_actividad_economica (icc_actividad_economica_id, ad_client_id, ad_org_id, createdby, updatedby, codigo, valor) VALUES (1000110, 1000000, 0, 100, 100, '2021000', 'Fabricación de Productos de Caucho.');
INSERT INTO icc_actividad_economica (icc_actividad_economica_id, ad_client_id, ad_org_id, createdby, updatedby, codigo, valor) VALUES (1000111, 1000000, 0, 100, 100, '2022000', 'Fabricación de Productos de Plástico.');
INSERT INTO icc_actividad_economica (icc_actividad_economica_id, ad_client_id, ad_org_id, createdby, updatedby, codigo, valor) VALUES (1000112, 1000000, 0, 100, 100, '2030000', 'Fabricación de Otros Productos Minerales No Metálicos.');
INSERT INTO icc_actividad_economica (icc_actividad_economica_id, ad_client_id, ad_org_id, createdby, updatedby, codigo, valor) VALUES (1000113, 1000000, 0, 100, 100, '2031000', 'Fabricación de Vidrio y Productos de Vidrio.');
INSERT INTO icc_actividad_economica (icc_actividad_economica_id, ad_client_id, ad_org_id, createdby, updatedby, codigo, valor) VALUES (1000114, 1000000, 0, 100, 100, '2032000', 'Fabricación de Productos Minerales No Metálicos n.c.p.');
INSERT INTO icc_actividad_economica (icc_actividad_economica_id, ad_client_id, ad_org_id, createdby, updatedby, codigo, valor) VALUES (1000115, 1000000, 0, 100, 100, '2032100', 'Fabricación de Cerámica.');
INSERT INTO icc_actividad_economica (icc_actividad_economica_id, ad_client_id, ad_org_id, createdby, updatedby, codigo, valor) VALUES (1000116, 1000000, 0, 100, 100, '2032200', 'Fabricación de Cemento, Cal y Yeso.');
INSERT INTO icc_actividad_economica (icc_actividad_economica_id, ad_client_id, ad_org_id, createdby, updatedby, codigo, valor) VALUES (1000117, 1000000, 0, 100, 100, '2032300', 'Fabricación de Artículos de Hormigón, Cemento y Yeso.');
INSERT INTO icc_actividad_economica (icc_actividad_economica_id, ad_client_id, ad_org_id, createdby, updatedby, codigo, valor) VALUES (1000118, 1000000, 0, 100, 100, '2032400', 'Fabricación de Productos de Piedra.');
INSERT INTO icc_actividad_economica (icc_actividad_economica_id, ad_client_id, ad_org_id, createdby, updatedby, codigo, valor) VALUES (1000119, 1000000, 0, 100, 100, '2032500', 'Fabricación de Productos de Asbesto.');
INSERT INTO icc_actividad_economica (icc_actividad_economica_id, ad_client_id, ad_org_id, createdby, updatedby, codigo, valor) VALUES (1000120, 1000000, 0, 100, 100, '2032600', 'Fabricación de Materiales Aislantes.');
INSERT INTO icc_actividad_economica (icc_actividad_economica_id, ad_client_id, ad_org_id, createdby, updatedby, codigo, valor) VALUES (1000121, 1000000, 0, 100, 100, '2032900', 'Fabricación de Otros Productos Minerales No Metálicos n.c.p.');
INSERT INTO icc_actividad_economica (icc_actividad_economica_id, ad_client_id, ad_org_id, createdby, updatedby, codigo, valor) VALUES (1000122, 1000000, 0, 100, 100, '2100000', 'Fabricación de Metales Básicos.');
INSERT INTO icc_actividad_economica (icc_actividad_economica_id, ad_client_id, ad_org_id, createdby, updatedby, codigo, valor) VALUES (1000123, 1000000, 0, 100, 100, '2101000', 'Fabricación de Productos de Hierro y Acero.');
INSERT INTO icc_actividad_economica (icc_actividad_economica_id, ad_client_id, ad_org_id, createdby, updatedby, codigo, valor) VALUES (1000124, 1000000, 0, 100, 100, '2102000', 'Fabricación de Productos de Metales No Ferrosos.');
INSERT INTO icc_actividad_economica (icc_actividad_economica_id, ad_client_id, ad_org_id, createdby, updatedby, codigo, valor) VALUES (1000125, 1000000, 0, 100, 100, '2103000', 'Fundición de Metales.');
INSERT INTO icc_actividad_economica (icc_actividad_economica_id, ad_client_id, ad_org_id, createdby, updatedby, codigo, valor) VALUES (1000126, 1000000, 0, 100, 100, '2200000', 'Fabricación de Productos Metálicos, Excepto Maquinaria y Equipo.');
INSERT INTO icc_actividad_economica (icc_actividad_economica_id, ad_client_id, ad_org_id, createdby, updatedby, codigo, valor) VALUES (1000127, 1000000, 0, 100, 100, '2210000', 'Fabricación de Productos Estructurales de Metal.');
INSERT INTO icc_actividad_economica (icc_actividad_economica_id, ad_client_id, ad_org_id, createdby, updatedby, codigo, valor) VALUES (1000128, 1000000, 0, 100, 100, '2220000', 'Fabricación de Tanques, Cisternas y Recipientes de Metal.');
INSERT INTO icc_actividad_economica (icc_actividad_economica_id, ad_client_id, ad_org_id, createdby, updatedby, codigo, valor) VALUES (1000129, 1000000, 0, 100, 100, '2230000', 'Fabricación de Generadores de Vapor, Excepto Calderas de Agua Caliente para Calefacción Central.');
INSERT INTO icc_actividad_economica (icc_actividad_economica_id, ad_client_id, ad_org_id, createdby, updatedby, codigo, valor) VALUES (1000130, 1000000, 0, 100, 100, '2290000', 'Fabricación de Otros Productos Metálicos.');
INSERT INTO icc_actividad_economica (icc_actividad_economica_id, ad_client_id, ad_org_id, createdby, updatedby, codigo, valor) VALUES (1000131, 1000000, 0, 100, 100, '2300000', 'Fabricación de Maquinaria y Equipo n.c.p.');
INSERT INTO icc_actividad_economica (icc_actividad_economica_id, ad_client_id, ad_org_id, createdby, updatedby, codigo, valor) VALUES (1000132, 1000000, 0, 100, 100, '2310000', 'Fabricación de Maquinaria Agropecuaria y Forestal.');
INSERT INTO icc_actividad_economica (icc_actividad_economica_id, ad_client_id, ad_org_id, createdby, updatedby, codigo, valor) VALUES (1000133, 1000000, 0, 100, 100, '2320000', 'Fabricación de Máquinas Herramientas.');
INSERT INTO icc_actividad_economica (icc_actividad_economica_id, ad_client_id, ad_org_id, createdby, updatedby, codigo, valor) VALUES (1000134, 1000000, 0, 100, 100, '2330000', 'Fabricación de Maquinaria para la Metalurgia.');
INSERT INTO icc_actividad_economica (icc_actividad_economica_id, ad_client_id, ad_org_id, createdby, updatedby, codigo, valor) VALUES (1000135, 1000000, 0, 100, 100, '2340000', 'Fabricación de Maquinaria para la Explotación de Minas y Canteras y para Obras de Construcción.');
INSERT INTO icc_actividad_economica (icc_actividad_economica_id, ad_client_id, ad_org_id, createdby, updatedby, codigo, valor) VALUES (1000136, 1000000, 0, 100, 100, '2350000', 'Fabricación de Maquinaria para la Elaboración de Alimentos, Bebidas y Tabaco.');
INSERT INTO icc_actividad_economica (icc_actividad_economica_id, ad_client_id, ad_org_id, createdby, updatedby, codigo, valor) VALUES (1000137, 1000000, 0, 100, 100, '2360000', 'Fabricación de Maquinaria para la Fabricación de Productos Textiles, Prendas de Vestir y Cueros.');
INSERT INTO icc_actividad_economica (icc_actividad_economica_id, ad_client_id, ad_org_id, createdby, updatedby, codigo, valor) VALUES (1000138, 1000000, 0, 100, 100, '2390000', 'Fabricación de Otros Tipos de Maquinaria de Uso General.');
INSERT INTO icc_actividad_economica (icc_actividad_economica_id, ad_client_id, ad_org_id, createdby, updatedby, codigo, valor) VALUES (1000139, 1000000, 0, 100, 100, '2400000', 'Fabricación de Maquinaria de Oficina, Contabilidad e Informática.');
INSERT INTO icc_actividad_economica (icc_actividad_economica_id, ad_client_id, ad_org_id, createdby, updatedby, codigo, valor) VALUES (1000140, 1000000, 0, 100, 100, '2410000', 'Fabricación de Maquinaria de Oficina y Contabilidad.');
INSERT INTO icc_actividad_economica (icc_actividad_economica_id, ad_client_id, ad_org_id, createdby, updatedby, codigo, valor) VALUES (1000141, 1000000, 0, 100, 100, '2420000', 'Fabricación de Computadoras y Otros Equipos de Procesamiento de Información.');
INSERT INTO icc_actividad_economica (icc_actividad_economica_id, ad_client_id, ad_org_id, createdby, updatedby, codigo, valor) VALUES (1000142, 1000000, 0, 100, 100, '2500000', 'Fabricación de Maquinaria y Aparatos Eléctricos n.c.p.');
INSERT INTO icc_actividad_economica (icc_actividad_economica_id, ad_client_id, ad_org_id, createdby, updatedby, codigo, valor) VALUES (1000143, 1000000, 0, 100, 100, '2510000', 'Fabricación de Motores, Generadores y Transformadores Eléctricos.');
INSERT INTO icc_actividad_economica (icc_actividad_economica_id, ad_client_id, ad_org_id, createdby, updatedby, codigo, valor) VALUES (1000144, 1000000, 0, 100, 100, '2520000', 'Fabricación de Aparatos de Distribución y Control de Energía Eléctrica.');
INSERT INTO icc_actividad_economica (icc_actividad_economica_id, ad_client_id, ad_org_id, createdby, updatedby, codigo, valor) VALUES (1000145, 1000000, 0, 100, 100, '2530000', 'Fabricación de Hilos y Cables Aislados.');
INSERT INTO icc_actividad_economica (icc_actividad_economica_id, ad_client_id, ad_org_id, createdby, updatedby, codigo, valor) VALUES (1000146, 1000000, 0, 100, 100, '2540000', 'Fabricación de Acumuladores, Pilas y Baterías Primarias.');
INSERT INTO icc_actividad_economica (icc_actividad_economica_id, ad_client_id, ad_org_id, createdby, updatedby, codigo, valor) VALUES (1000147, 1000000, 0, 100, 100, '2550000', 'Fabricación de Lámparas Eléctricas y Equipo de Iluminación.');
INSERT INTO icc_actividad_economica (icc_actividad_economica_id, ad_client_id, ad_org_id, createdby, updatedby, codigo, valor) VALUES (1000148, 1000000, 0, 100, 100, '2590000', 'Fabricación de Otros Tipos de Equipo Eléctrico n.c.p.');
INSERT INTO icc_actividad_economica (icc_actividad_economica_id, ad_client_id, ad_org_id, createdby, updatedby, codigo, valor) VALUES (1000149, 1000000, 0, 100, 100, '2600000', 'Fabricación de Equipo de Radio, Televisión y Comunicaciones.');
INSERT INTO icc_actividad_economica (icc_actividad_economica_id, ad_client_id, ad_org_id, createdby, updatedby, codigo, valor) VALUES (1000150, 1000000, 0, 100, 100, '2610000', 'Fabricación de Componentes Electrónicos.');
INSERT INTO icc_actividad_economica (icc_actividad_economica_id, ad_client_id, ad_org_id, createdby, updatedby, codigo, valor) VALUES (1000151, 1000000, 0, 100, 100, '2620000', 'Fabricación de Transmisores de Radio y Televisión y de Aparatos para Telefonía y Telegrafía.');
INSERT INTO icc_actividad_economica (icc_actividad_economica_id, ad_client_id, ad_org_id, createdby, updatedby, codigo, valor) VALUES (1000152, 1000000, 0, 100, 100, '2630000', 'Fabricación de Receptores de Radio y Televisión, Aparatos de Grabación y Reproducción de Sonido y Video, y Productos Conexos.');
INSERT INTO icc_actividad_economica (icc_actividad_economica_id, ad_client_id, ad_org_id, createdby, updatedby, codigo, valor) VALUES (1000153, 1000000, 0, 100, 100, '2700000', 'Fabricación de Instrumentos Médicos, Ópticos y de Precisión, Fabricación de Relojes y de Relojes de Pulsera.');
INSERT INTO icc_actividad_economica (icc_actividad_economica_id, ad_client_id, ad_org_id, createdby, updatedby, codigo, valor) VALUES (1000154, 1000000, 0, 100, 100, '2710000', 'Fabricación de Equipo Médico y Quirúrgico y de Aparatos Ortopédicos.');
INSERT INTO icc_actividad_economica (icc_actividad_economica_id, ad_client_id, ad_org_id, createdby, updatedby, codigo, valor) VALUES (1000155, 1000000, 0, 100, 100, '2720000', 'Fabricación de Instrumentos de Medición, Verificación, Ensayo, Navegación y Otros Fines, Excepto Equipo de Control de Procesos Industriales.');
INSERT INTO icc_actividad_economica (icc_actividad_economica_id, ad_client_id, ad_org_id, createdby, updatedby, codigo, valor) VALUES (1000156, 1000000, 0, 100, 100, '2730000', 'Fabricación de Equipo de Control de Procesos Industriales.');
INSERT INTO icc_actividad_economica (icc_actividad_economica_id, ad_client_id, ad_org_id, createdby, updatedby, codigo, valor) VALUES (1000157, 1000000, 0, 100, 100, '2740000', 'Fabricación de Instrumentos Ópticos y Equipo Fotográfico.');
INSERT INTO icc_actividad_economica (icc_actividad_economica_id, ad_client_id, ad_org_id, createdby, updatedby, codigo, valor) VALUES (1000158, 1000000, 0, 100, 100, '2750000', 'Fabricación de Relojes y de Relojes de Pulsera.');
INSERT INTO icc_actividad_economica (icc_actividad_economica_id, ad_client_id, ad_org_id, createdby, updatedby, codigo, valor) VALUES (1000159, 1000000, 0, 100, 100, '2800000', 'Fabricación de Vehículos Automotores, Remolques y Semirremolques.');
INSERT INTO icc_actividad_economica (icc_actividad_economica_id, ad_client_id, ad_org_id, createdby, updatedby, codigo, valor) VALUES (1000160, 1000000, 0, 100, 100, '2810000', 'Fabricación de Vehículos Automotores.');
INSERT INTO icc_actividad_economica (icc_actividad_economica_id, ad_client_id, ad_org_id, createdby, updatedby, codigo, valor) VALUES (1000161, 1000000, 0, 100, 100, '2820000', 'Fabricación de Carrocerías para Vehículos Automotores, Fabricación de Remolques y Semirremolques.');
INSERT INTO icc_actividad_economica (icc_actividad_economica_id, ad_client_id, ad_org_id, createdby, updatedby, codigo, valor) VALUES (1000162, 1000000, 0, 100, 100, '2830000', 'Fabricación de Partes, Piezas y Accesorios para Vehículos Automotores y sus Motores.');
INSERT INTO icc_actividad_economica (icc_actividad_economica_id, ad_client_id, ad_org_id, createdby, updatedby, codigo, valor) VALUES (1000163, 1000000, 0, 100, 100, '2900000', 'Fabricación de Otros Tipos de Equipo de Transporte.');
INSERT INTO icc_actividad_economica (icc_actividad_economica_id, ad_client_id, ad_org_id, createdby, updatedby, codigo, valor) VALUES (1000164, 1000000, 0, 100, 100, '2910000', 'Construcción de Buques y Otras Embarcaciones.');
INSERT INTO icc_actividad_economica (icc_actividad_economica_id, ad_client_id, ad_org_id, createdby, updatedby, codigo, valor) VALUES (1000165, 1000000, 0, 100, 100, '2920000', 'Fabricación de Locomotoras y Material Rodante.');
INSERT INTO icc_actividad_economica (icc_actividad_economica_id, ad_client_id, ad_org_id, createdby, updatedby, codigo, valor) VALUES (1000166, 1000000, 0, 100, 100, '2930000', 'Fabricación de Aeronaves y Naves Espaciales.');
INSERT INTO icc_actividad_economica (icc_actividad_economica_id, ad_client_id, ad_org_id, createdby, updatedby, codigo, valor) VALUES (1000167, 1000000, 0, 100, 100, '2940000', 'Fabricación de Motocicletas y sus Partes, Piezas y Accesorios.');
INSERT INTO icc_actividad_economica (icc_actividad_economica_id, ad_client_id, ad_org_id, createdby, updatedby, codigo, valor) VALUES (1000168, 1000000, 0, 100, 100, '2950000', 'Fabricación de Bicicletas y sus Partes, Piezas y Accesorios.');
INSERT INTO icc_actividad_economica (icc_actividad_economica_id, ad_client_id, ad_org_id, createdby, updatedby, codigo, valor) VALUES (1000169, 1000000, 0, 100, 100, '2990000', 'Fabricación de Otros Tipos de Equipo de Transporte n.c.p.');
INSERT INTO icc_actividad_economica (icc_actividad_economica_id, ad_client_id, ad_org_id, createdby, updatedby, codigo, valor) VALUES (1000170, 1000000, 0, 100, 100, '3000000', 'Otras Industrias Manufactureras.');
INSERT INTO icc_actividad_economica (icc_actividad_economica_id, ad_client_id, ad_org_id, createdby, updatedby, codigo, valor) VALUES (1000171, 1000000, 0, 100, 100, '3010000', 'Fabricación de Muebles.');
INSERT INTO icc_actividad_economica (icc_actividad_economica_id, ad_client_id, ad_org_id, createdby, updatedby, codigo, valor) VALUES (1000172, 1000000, 0, 100, 100, '3020000', 'Fabricación de Joyas y Artículos Conexos.');
INSERT INTO icc_actividad_economica (icc_actividad_economica_id, ad_client_id, ad_org_id, createdby, updatedby, codigo, valor) VALUES (1000173, 1000000, 0, 100, 100, '3030000', 'Fabricación de Instrumentos Musicales.');
INSERT INTO icc_actividad_economica (icc_actividad_economica_id, ad_client_id, ad_org_id, createdby, updatedby, codigo, valor) VALUES (1000174, 1000000, 0, 100, 100, '3040000', 'Fabricación de Artículos de Deporte.');
INSERT INTO icc_actividad_economica (icc_actividad_economica_id, ad_client_id, ad_org_id, createdby, updatedby, codigo, valor) VALUES (1000175, 1000000, 0, 100, 100, '3050000', 'Fabricación de Juegos y Juguetes.');
INSERT INTO icc_actividad_economica (icc_actividad_economica_id, ad_client_id, ad_org_id, createdby, updatedby, codigo, valor) VALUES (1000176, 1000000, 0, 100, 100, '3090000', 'Otras Industrias Manufactureras n.c.p.');
INSERT INTO icc_actividad_economica (icc_actividad_economica_id, ad_client_id, ad_org_id, createdby, updatedby, codigo, valor) VALUES (1000177, 1000000, 0, 100, 100, '3500000', 'Suministro de Electricidad, Gas, Vapor y Aire Acondicionado.');
INSERT INTO icc_actividad_economica (icc_actividad_economica_id, ad_client_id, ad_org_id, createdby, updatedby, codigo, valor) VALUES (1000178, 1000000, 0, 100, 100, '3510000', 'Generación, Transmisión y Distribución de Energía Eléctrica.');
INSERT INTO icc_actividad_economica (icc_actividad_economica_id, ad_client_id, ad_org_id, createdby, updatedby, codigo, valor) VALUES (1000179, 1000000, 0, 100, 100, '3520000', 'Fabricación de Gas, Distribución de Combustibles Gaseosos por Tuberías.');
INSERT INTO icc_actividad_economica (icc_actividad_economica_id, ad_client_id, ad_org_id, createdby, updatedby, codigo, valor) VALUES (1000180, 1000000, 0, 100, 100, '3530000', 'Suministro de Vapor y Aire Acondicionado.');
INSERT INTO icc_actividad_economica (icc_actividad_economica_id, ad_client_id, ad_org_id, createdby, updatedby, codigo, valor) VALUES (1000181, 1000000, 0, 100, 100, '3600000', 'Captación, Tratamiento y Suministro de Agua.');
INSERT INTO icc_actividad_economica (icc_actividad_economica_id, ad_client_id, ad_org_id, createdby, updatedby, codigo, valor) VALUES (1000182, 1000000, 0, 100, 100, '3700000', 'Evacuación de Aguas Residuales.');
INSERT INTO icc_actividad_economica (icc_actividad_economica_id, ad_client_id, ad_org_id, createdby, updatedby, codigo, valor) VALUES (1000183, 1000000, 0, 100, 100, '3800000', 'Recolección, Tratamiento y Eliminación de Desechos; Recuperación de Materiales.');
INSERT INTO icc_actividad_economica (icc_actividad_economica_id, ad_client_id, ad_org_id, createdby, updatedby, codigo, valor) VALUES (1000184, 1000000, 0, 100, 100, '3810000', 'Recolección de Desechos.');
INSERT INTO icc_actividad_economica (icc_actividad_economica_id, ad_client_id, ad_org_id, createdby, updatedby, codigo, valor) VALUES (1000185, 1000000, 0, 100, 100, '3820000', 'Tratamiento y Eliminación de Desechos.');
INSERT INTO icc_actividad_economica (icc_actividad_economica_id, ad_client_id, ad_org_id, createdby, updatedby, codigo, valor) VALUES (1000186, 1000000, 0, 100, 100, '3830000', 'Recuperación de Materiales.');
INSERT INTO icc_actividad_economica (icc_actividad_economica_id, ad_client_id, ad_org_id, createdby, updatedby, codigo, valor) VALUES (1000187, 1000000, 0, 100, 100, '3900000', 'Actividades de Saneamiento Ambiental y Otros Servicios de Gestión de Desechos.');
INSERT INTO icc_actividad_economica (icc_actividad_economica_id, ad_client_id, ad_org_id, createdby, updatedby, codigo, valor) VALUES (1000188, 1000000, 0, 100, 100, '4100000', 'Construcción de Edificios.');
INSERT INTO icc_actividad_economica (icc_actividad_economica_id, ad_client_id, ad_org_id, createdby, updatedby, codigo, valor) VALUES (1000189, 1000000, 0, 100, 100, '4200000', 'Obras de Ingeniería Civil.');
INSERT INTO icc_actividad_economica (icc_actividad_economica_id, ad_client_id, ad_org_id, createdby, updatedby, codigo, valor) VALUES (1000190, 1000000, 0, 100, 100, '4300000', 'Actividades Especializadas de Construcción.');
INSERT INTO icc_actividad_economica (icc_actividad_economica_id, ad_client_id, ad_org_id, createdby, updatedby, codigo, valor) VALUES (1000191, 1000000, 0, 100, 100, '4500000', 'Comercio al por Mayor y al por Menor y Reparación de Vehículos Automotores y Motocicletas.');
INSERT INTO icc_actividad_economica (icc_actividad_economica_id, ad_client_id, ad_org_id, createdby, updatedby, codigo, valor) VALUES (1000192, 1000000, 0, 100, 100, '4510000', 'Venta de Vehículos Automotores.');
INSERT INTO icc_actividad_economica (icc_actividad_economica_id, ad_client_id, ad_org_id, createdby, updatedby, codigo, valor) VALUES (1000193, 1000000, 0, 100, 100, '4520000', 'Mantenimiento y Reparación de Vehículos Automotores.');
INSERT INTO icc_actividad_economica (icc_actividad_economica_id, ad_client_id, ad_org_id, createdby, updatedby, codigo, valor) VALUES (1000194, 1000000, 0, 100, 100, '4530000', 'Venta de Partes, Piezas y Accesorios para Vehículos Automotores.');
INSERT INTO icc_actividad_economica (icc_actividad_economica_id, ad_client_id, ad_org_id, createdby, updatedby, codigo, valor) VALUES (1000195, 1000000, 0, 100, 100, '4540000', 'Venta, Mantenimiento y Reparación de Motocicletas y de sus Partes y Accesorios.');
INSERT INTO icc_actividad_economica (icc_actividad_economica_id, ad_client_id, ad_org_id, createdby, updatedby, codigo, valor) VALUES (1000196, 1000000, 0, 100, 100, '4600000', 'Comercio al por Mayor, Excepto el Comercio de Vehículos Automotores y Motocicletas.');
INSERT INTO icc_actividad_economica (icc_actividad_economica_id, ad_client_id, ad_org_id, createdby, updatedby, codigo, valor) VALUES (1000197, 1000000, 0, 100, 100, '4610000', 'Comercio al por Mayor a Cambio de una Retribución o por Contrata.');
INSERT INTO icc_actividad_economica (icc_actividad_economica_id, ad_client_id, ad_org_id, createdby, updatedby, codigo, valor) VALUES (1000198, 1000000, 0, 100, 100, '4620000', 'Comercio al por Mayor de Productos Agropecuarios en Bruto y de Animales Vivos.');
INSERT INTO icc_actividad_economica (icc_actividad_economica_id, ad_client_id, ad_org_id, createdby, updatedby, codigo, valor) VALUES (1000199, 1000000, 0, 100, 100, '4630000', 'Comercio al por Mayor de Alimentos, Bebidas y Tabaco.');
INSERT INTO icc_actividad_economica (icc_actividad_economica_id, ad_client_id, ad_org_id, createdby, updatedby, codigo, valor) VALUES (1000200, 1000000, 0, 100, 100, '4640000', 'Comercio al por Mayor de Enseres Domésticos.');
INSERT INTO icc_actividad_economica (icc_actividad_economica_id, ad_client_id, ad_org_id, createdby, updatedby, codigo, valor) VALUES (1000201, 1000000, 0, 100, 100, '4650000', 'Comercio al por Mayor de Maquinaria, Equipo y Suministros.');
INSERT INTO icc_actividad_economica (icc_actividad_economica_id, ad_client_id, ad_org_id, createdby, updatedby, codigo, valor) VALUES (1000202, 1000000, 0, 100, 100, '4660000', 'Comercio al por Mayor de Otros Productos.');
INSERT INTO icc_actividad_economica (icc_actividad_economica_id, ad_client_id, ad_org_id, createdby, updatedby, codigo, valor) VALUES (1000203, 1000000, 0, 100, 100, '4690000', 'Comercio al por Mayor No Especializado.');
INSERT INTO icc_actividad_economica (icc_actividad_economica_id, ad_client_id, ad_org_id, createdby, updatedby, codigo, valor) VALUES (1000204, 1000000, 0, 100, 100, '4700000', 'Comercio al por Menor, Excepto el Comercio de Vehículos Automotores y Motocicletas.');
INSERT INTO icc_actividad_economica (icc_actividad_economica_id, ad_client_id, ad_org_id, createdby, updatedby, codigo, valor) VALUES (1000205, 1000000, 0, 100, 100, '4710000', 'Comercio al por Menor en Establecimientos No Especializados.');
INSERT INTO icc_actividad_economica (icc_actividad_economica_id, ad_client_id, ad_org_id, createdby, updatedby, codigo, valor) VALUES (1000206, 1000000, 0, 100, 100, '4720000', 'Comercio al por Menor de Alimentos, Bebidas y Tabaco en Establecimientos Especializados.');
INSERT INTO icc_actividad_economica (icc_actividad_economica_id, ad_client_id, ad_org_id, createdby, updatedby, codigo, valor) VALUES (1000207, 1000000, 0, 100, 100, '4730000', 'Comercio al por Menor de Combustible para Automotores en Establecimientos Especializados.');
INSERT INTO icc_actividad_economica (icc_actividad_economica_id, ad_client_id, ad_org_id, createdby, updatedby, codigo, valor) VALUES (1000208, 1000000, 0, 100, 100, '4740000', 'Comercio al por Menor de Equipo de Informática y de Comunicaciones en Establecimientos Especializados.');
INSERT INTO icc_actividad_economica (icc_actividad_economica_id, ad_client_id, ad_org_id, createdby, updatedby, codigo, valor) VALUES (1000209, 1000000, 0, 100, 100, '4750000', 'Comercio al por Menor de Otros Enseres Domésticos en Establecimientos Especializados.');
INSERT INTO icc_actividad_economica (icc_actividad_economica_id, ad_client_id, ad_org_id, createdby, updatedby, codigo, valor) VALUES (1000210, 1000000, 0, 100, 100, '4760000', 'Comercio al por Menor de Artículos Culturales y Recreativos en Establecimientos Especializados.');
INSERT INTO icc_actividad_economica (icc_actividad_economica_id, ad_client_id, ad_org_id, createdby, updatedby, codigo, valor) VALUES (1000211, 1000000, 0, 100, 100, '4770000', 'Comercio al por Menor de Otros Productos en Establecimientos Especializados.');
INSERT INTO icc_actividad_economica (icc_actividad_economica_id, ad_client_id, ad_org_id, createdby, updatedby, codigo, valor) VALUES (1000212, 1000000, 0, 100, 100, '4780000', 'Comercio al por Menor en Puestos de Venta y Mercados.');
INSERT INTO icc_actividad_economica (icc_actividad_economica_id, ad_client_id, ad_org_id, createdby, updatedby, codigo, valor) VALUES (1000213, 1000000, 0, 100, 100, '4790000', 'Comercio al por Menor No Realizado en Tiendas, Puestos de Venta o Mercados.');
INSERT INTO icc_actividad_economica (icc_actividad_economica_id, ad_client_id, ad_org_id, createdby, updatedby, codigo, valor) VALUES (1000214, 1000000, 0, 100, 100, '4900000', 'Transporte Terrestre y por Tuberías.');
INSERT INTO icc_actividad_economica (icc_actividad_economica_id, ad_client_id, ad_org_id, createdby, updatedby, codigo, valor) VALUES (1000215, 1000000, 0, 100, 100, '4910000', 'Transporte por Ferrocarril.');
INSERT INTO icc_actividad_economica (icc_actividad_economica_id, ad_client_id, ad_org_id, createdby, updatedby, codigo, valor) VALUES (1000216, 1000000, 0, 100, 100, '4920000', 'Transporte por Carretera.');
INSERT INTO icc_actividad_economica (icc_actividad_economica_id, ad_client_id, ad_org_id, createdby, updatedby, codigo, valor) VALUES (1000217, 1000000, 0, 100, 100, '4930000', 'Transporte por Tuberías.');
INSERT INTO icc_actividad_economica (icc_actividad_economica_id, ad_client_id, ad_org_id, createdby, updatedby, codigo, valor) VALUES (1000218, 1000000, 0, 100, 100, '5000000', 'Transporte por Agua.');
INSERT INTO icc_actividad_economica (icc_actividad_economica_id, ad_client_id, ad_org_id, createdby, updatedby, codigo, valor) VALUES (1000219, 1000000, 0, 100, 100, '5010000', 'Transporte Marítimo y de Cabotaje.');
INSERT INTO icc_actividad_economica (icc_actividad_economica_id, ad_client_id, ad_org_id, createdby, updatedby, codigo, valor) VALUES (1000220, 1000000, 0, 100, 100, '5020000', 'Transporte por Vías de Navegación Interiores.');
INSERT INTO icc_actividad_economica (icc_actividad_economica_id, ad_client_id, ad_org_id, createdby, updatedby, codigo, valor) VALUES (1000221, 1000000, 0, 100, 100, '5100000', 'Transporte por Aire.');
INSERT INTO icc_actividad_economica (icc_actividad_economica_id, ad_client_id, ad_org_id, createdby, updatedby, codigo, valor) VALUES (1000222, 1000000, 0, 100, 100, '5110000', 'Transporte de Pasajeros por Vía Aérea.');
INSERT INTO icc_actividad_economica (icc_actividad_economica_id, ad_client_id, ad_org_id, createdby, updatedby, codigo, valor) VALUES (1000223, 1000000, 0, 100, 100, '5120000', 'Transporte de Carga por Vía Aérea.');
INSERT INTO icc_actividad_economica (icc_actividad_economica_id, ad_client_id, ad_org_id, createdby, updatedby, codigo, valor) VALUES (1000224, 1000000, 0, 100, 100, '5200000', 'Almacenamiento y Actividades de Apoyo al Transporte.');
INSERT INTO icc_actividad_economica (icc_actividad_economica_id, ad_client_id, ad_org_id, createdby, updatedby, codigo, valor) VALUES (1000225, 1000000, 0, 100, 100, '5210000', 'Almacenamiento.');
INSERT INTO icc_actividad_economica (icc_actividad_economica_id, ad_client_id, ad_org_id, createdby, updatedby, codigo, valor) VALUES (1000226, 1000000, 0, 100, 100, '5220000', 'Actividades de Apoyo al Transporte.');
INSERT INTO icc_actividad_economica (icc_actividad_economica_id, ad_client_id, ad_org_id, createdby, updatedby, codigo, valor) VALUES (1000227, 1000000, 0, 100, 100, '5300000', 'Actividades Postales y de Mensajería.');
INSERT INTO icc_actividad_economica (icc_actividad_economica_id, ad_client_id, ad_org_id, createdby, updatedby, codigo, valor) VALUES (1000228, 1000000, 0, 100, 100, '5310000', 'Actividades Postales.');
INSERT INTO icc_actividad_economica (icc_actividad_economica_id, ad_client_id, ad_org_id, createdby, updatedby, codigo, valor) VALUES (1000229, 1000000, 0, 100, 100, '5320000', 'Actividades de Mensajería.');
INSERT INTO icc_actividad_economica (icc_actividad_economica_id, ad_client_id, ad_org_id, createdby, updatedby, codigo, valor) VALUES (1000230, 1000000, 0, 100, 100, '5500000', 'Actividades de Alojamiento.');
INSERT INTO icc_actividad_economica (icc_actividad_economica_id, ad_client_id, ad_org_id, createdby, updatedby, codigo, valor) VALUES (1000231, 1000000, 0, 100, 100, '5510000', 'Actividades de Alojamiento en Hoteles, Apartahoteles y Similares.');
INSERT INTO icc_actividad_economica (icc_actividad_economica_id, ad_client_id, ad_org_id, createdby, updatedby, codigo, valor) VALUES (1000232, 1000000, 0, 100, 100, '5520000', 'Actividades de Alojamiento en Campamentos, Parques de Vehículos Recreacionales y Otros Tipos de Alojamiento.');
INSERT INTO icc_actividad_economica (icc_actividad_economica_id, ad_client_id, ad_org_id, createdby, updatedby, codigo, valor) VALUES (1000233, 1000000, 0, 100, 100, '5600000', 'Actividades de Servicio de Comidas y Bebidas.');
INSERT INTO icc_actividad_economica (icc_actividad_economica_id, ad_client_id, ad_org_id, createdby, updatedby, codigo, valor) VALUES (1000234, 1000000, 0, 100, 100, '5610000', 'Actividades de Restaurantes y de Servicio Móvil de Comidas.');
INSERT INTO icc_actividad_economica (icc_actividad_economica_id, ad_client_id, ad_org_id, createdby, updatedby, codigo, valor) VALUES (1000235, 1000000, 0, 100, 100, '5620000', 'Actividades de Preparación de Comidas para Eventos y Otros Servicios de Comidas.');
INSERT INTO icc_actividad_economica (icc_actividad_economica_id, ad_client_id, ad_org_id, createdby, updatedby, codigo, valor) VALUES (1000236, 1000000, 0, 100, 100, '5630000', 'Actividades de Bares y Cantinas.');
INSERT INTO icc_actividad_economica (icc_actividad_economica_id, ad_client_id, ad_org_id, createdby, updatedby, codigo, valor) VALUES (1000237, 1000000, 0, 100, 100, '5800000', 'Edición.');
INSERT INTO icc_actividad_economica (icc_actividad_economica_id, ad_client_id, ad_org_id, createdby, updatedby, codigo, valor) VALUES (1000238, 1000000, 0, 100, 100, '5810000', 'Edición de Libros, Periódicos, Revistas y Otras Publicaciones.');
INSERT INTO icc_actividad_economica (icc_actividad_economica_id, ad_client_id, ad_org_id, createdby, updatedby, codigo, valor) VALUES (1000239, 1000000, 0, 100, 100, '5820000', 'Edición de Programas Informáticos.');
INSERT INTO icc_actividad_economica (icc_actividad_economica_id, ad_client_id, ad_org_id, createdby, updatedby, codigo, valor) VALUES (1000240, 1000000, 0, 100, 100, '5900000', 'Actividades de Producción de Películas Cinematográficas, Video y Programas de Televisión, Grabación de Sonido y Edición de Música.');
INSERT INTO icc_actividad_economica (icc_actividad_economica_id, ad_client_id, ad_org_id, createdby, updatedby, codigo, valor) VALUES (1000241, 1000000, 0, 100, 100, '5910000', 'Actividades de Producción de Películas Cinematográficas, Video y Programas de Televisión.');
INSERT INTO icc_actividad_economica (icc_actividad_economica_id, ad_client_id, ad_org_id, createdby, updatedby, codigo, valor) VALUES (1000242, 1000000, 0, 100, 100, '5920000', 'Actividades de Grabación de Sonido y Edición de Música.');
INSERT INTO icc_actividad_economica (icc_actividad_economica_id, ad_client_id, ad_org_id, createdby, updatedby, codigo, valor) VALUES (1000243, 1000000, 0, 100, 100, '6000000', 'Actividades de Radiodifusión y Programación de Televisión.');
INSERT INTO icc_actividad_economica (icc_actividad_economica_id, ad_client_id, ad_org_id, createdby, updatedby, codigo, valor) VALUES (1000244, 1000000, 0, 100, 100, '6100000', 'Telecomunicaciones.');
INSERT INTO icc_actividad_economica (icc_actividad_economica_id, ad_client_id, ad_org_id, createdby, updatedby, codigo, valor) VALUES (1000245, 1000000, 0, 100, 100, '6200000', 'Programación Informática, Consultoría de Informática y Actividades Conexas.');
INSERT INTO icc_actividad_economica (icc_actividad_economica_id, ad_client_id, ad_org_id, createdby, updatedby, codigo, valor) VALUES (1000246, 1000000, 0, 100, 100, '6300000', 'Actividades de Servicios de Información.');
INSERT INTO icc_actividad_economica (icc_actividad_economica_id, ad_client_id, ad_org_id, createdby, updatedby, codigo, valor) VALUES (1000247, 1000000, 0, 100, 100, '6400000', 'Servicios Financieros, Excepto los Seguros y los Fondos de Pensiones.');
INSERT INTO icc_actividad_economica (icc_actividad_economica_id, ad_client_id, ad_org_id, createdby, updatedby, codigo, valor) VALUES (1000248, 1000000, 0, 100, 100, '6410000', 'Intermediación Monetaria.');
INSERT INTO icc_actividad_economica (icc_actividad_economica_id, ad_client_id, ad_org_id, createdby, updatedby, codigo, valor) VALUES (1000249, 1000000, 0, 100, 100, '6420000', 'Actividades de Sociedades de Cartera.');
INSERT INTO icc_actividad_economica (icc_actividad_economica_id, ad_client_id, ad_org_id, createdby, updatedby, codigo, valor) VALUES (1000250, 1000000, 0, 100, 100, '6430000', 'Fondos Fiduciarios y Otros Instrumentos Financieros Similares.');
INSERT INTO icc_actividad_economica (icc_actividad_economica_id, ad_client_id, ad_org_id, createdby, updatedby, codigo, valor) VALUES (1000251, 1000000, 0, 100, 100, '6490000', 'Otros Servicios Financieros, Excepto los Seguros y los Fondos de Pensiones.');
INSERT INTO icc_actividad_economica (icc_actividad_economica_id, ad_client_id, ad_org_id, createdby, updatedby, codigo, valor) VALUES (1000252, 1000000, 0, 100, 100, '6500000', 'Seguros, Reaseguros y Fondos de Pensiones, Excepto la Seguridad Social Obligatoria.');
INSERT INTO icc_actividad_economica (icc_actividad_economica_id, ad_client_id, ad_org_id, createdby, updatedby, codigo, valor) VALUES (1000253, 1000000, 0, 100, 100, '6510000', 'Seguros.');
INSERT INTO icc_actividad_economica (icc_actividad_economica_id, ad_client_id, ad_org_id, createdby, updatedby, codigo, valor) VALUES (1000254, 1000000, 0, 100, 100, '6520000', 'Reaseguros.');
INSERT INTO icc_actividad_economica (icc_actividad_economica_id, ad_client_id, ad_org_id, createdby, updatedby, codigo, valor) VALUES (1000255, 1000000, 0, 100, 100, '6530000', 'Fondos de Pensiones.');
INSERT INTO icc_actividad_economica (icc_actividad_economica_id, ad_client_id, ad_org_id, createdby, updatedby, codigo, valor) VALUES (1000256, 1000000, 0, 100, 100, '6600000', 'Actividades Auxiliares de los Servicios Financieros y de Seguros.');
INSERT INTO icc_actividad_economica (icc_actividad_economica_id, ad_client_id, ad_org_id, createdby, updatedby, codigo, valor) VALUES (1000257, 1000000, 0, 100, 100, '6610000', 'Actividades Auxiliares de los Servicios Financieros, Excepto los Seguros y los Fondos de Pensiones.');
INSERT INTO icc_actividad_economica (icc_actividad_economica_id, ad_client_id, ad_org_id, createdby, updatedby, codigo, valor) VALUES (1000258, 1000000, 0, 100, 100, '6620000', 'Actividades Auxiliares de los Seguros y los Fondos de Pensiones.');
INSERT INTO icc_actividad_economica (icc_actividad_economica_id, ad_client_id, ad_org_id, createdby, updatedby, codigo, valor) VALUES (1000259, 1000000, 0, 100, 100, '6800000', 'Actividades Inmobiliarias.');
INSERT INTO icc_actividad_economica (icc_actividad_economica_id, ad_client_id, ad_org_id, createdby, updatedby, codigo, valor) VALUES (1000260, 1000000, 0, 100, 100, '6810000', 'Actividades Inmobiliarias Realizadas con Bienes Propios o Arrendados.');
INSERT INTO icc_actividad_economica (icc_actividad_economica_id, ad_client_id, ad_org_id, createdby, updatedby, codigo, valor) VALUES (1000261, 1000000, 0, 100, 100, '6820000', 'Actividades Inmobiliarias Realizadas a Cambio de una Retribución o por Contrata.');
INSERT INTO icc_actividad_economica (icc_actividad_economica_id, ad_client_id, ad_org_id, createdby, updatedby, codigo, valor) VALUES (1000262, 1000000, 0, 100, 100, '6900000', 'Actividades Jurídicas y de Contabilidad.');
INSERT INTO icc_actividad_economica (icc_actividad_economica_id, ad_client_id, ad_org_id, createdby, updatedby, codigo, valor) VALUES (1000263, 1000000, 0, 100, 100, '6910000', 'Actividades Jurídicas.');
INSERT INTO icc_actividad_economica (icc_actividad_economica_id, ad_client_id, ad_org_id, createdby, updatedby, codigo, valor) VALUES (1000264, 1000000, 0, 100, 100, '6920000', 'Actividades de Contabilidad, Teneduría de Libros y Auditoría, Asesoramiento en Materia de Impuestos.');
INSERT INTO icc_actividad_economica (icc_actividad_economica_id, ad_client_id, ad_org_id, createdby, updatedby, codigo, valor) VALUES (1000265, 1000000, 0, 100, 100, '7000000', 'Actividades de Oficinas Centrales, Consultoría de Gestión.');
INSERT INTO icc_actividad_economica (icc_actividad_economica_id, ad_client_id, ad_org_id, createdby, updatedby, codigo, valor) VALUES (1000266, 1000000, 0, 100, 100, '7010000', 'Actividades de Oficinas Centrales.');
INSERT INTO icc_actividad_economica (icc_actividad_economica_id, ad_client_id, ad_org_id, createdby, updatedby, codigo, valor) VALUES (1000267, 1000000, 0, 100, 100, '7020000', 'Actividades de Consultoría de Gestión.');
INSERT INTO icc_actividad_economica (icc_actividad_economica_id, ad_client_id, ad_org_id, createdby, updatedby, codigo, valor) VALUES (1000268, 1000000, 0, 100, 100, '7100000', 'Servicios de Arquitectura e Ingeniería, Ensayos y Análisis Técnicos.');
INSERT INTO icc_actividad_economica (icc_actividad_economica_id, ad_client_id, ad_org_id, createdby, updatedby, codigo, valor) VALUES (1000269, 1000000, 0, 100, 100, '7110000', 'Servicios de Arquitectura e Ingeniería y Actividades Conexas de Asesoramiento Técnico.');
INSERT INTO icc_actividad_economica (icc_actividad_economica_id, ad_client_id, ad_org_id, createdby, updatedby, codigo, valor) VALUES (1000270, 1000000, 0, 100, 100, '7120000', 'Ensayos y Análisis Técnicos.');
INSERT INTO icc_actividad_economica (icc_actividad_economica_id, ad_client_id, ad_org_id, createdby, updatedby, codigo, valor) VALUES (1000271, 1000000, 0, 100, 100, '7200000', 'Investigación Científica y Desarrollo.');
INSERT INTO icc_actividad_economica (icc_actividad_economica_id, ad_client_id, ad_org_id, createdby, updatedby, codigo, valor) VALUES (1000272, 1000000, 0, 100, 100, '7300000', 'Publicidad y Estudios de Mercado.');
INSERT INTO icc_actividad_economica (icc_actividad_economica_id, ad_client_id, ad_org_id, createdby, updatedby, codigo, valor) VALUES (1000273, 1000000, 0, 100, 100, '7310000', 'Publicidad.');
INSERT INTO icc_actividad_economica (icc_actividad_economica_id, ad_client_id, ad_org_id, createdby, updatedby, codigo, valor) VALUES (1000274, 1000000, 0, 100, 100, '7320000', 'Estudios de Mercado y Realización de Encuestas de Opinión Pública.');
INSERT INTO icc_actividad_economica (icc_actividad_economica_id, ad_client_id, ad_org_id, createdby, updatedby, codigo, valor) VALUES (1000275, 1000000, 0, 100, 100, '7400000', 'Otras Actividades Profesionales, Científicas y Técnicas.');
INSERT INTO icc_actividad_economica (icc_actividad_economica_id, ad_client_id, ad_org_id, createdby, updatedby, codigo, valor) VALUES (1000276, 1000000, 0, 100, 100, '7410000', 'Actividades de Diseño Especializado.');
INSERT INTO icc_actividad_economica (icc_actividad_economica_id, ad_client_id, ad_org_id, createdby, updatedby, codigo, valor) VALUES (1000277, 1000000, 0, 100, 100, '7420000', 'Actividades de Fotografía.');
INSERT INTO icc_actividad_economica (icc_actividad_economica_id, ad_client_id, ad_org_id, createdby, updatedby, codigo, valor) VALUES (1000278, 1000000, 0, 100, 100, '7490000', 'Otras Actividades Profesionales, Científicas y Técnicas n.c.p.');
INSERT INTO icc_actividad_economica (icc_actividad_economica_id, ad_client_id, ad_org_id, createdby, updatedby, codigo, valor) VALUES (1000279, 1000000, 0, 100, 100, '7500000', 'Actividades Veterinarias.');
INSERT INTO icc_actividad_economica (icc_actividad_economica_id, ad_client_id, ad_org_id, createdby, updatedby, codigo, valor) VALUES (1000280, 1000000, 0, 100, 100, '7700000', 'Actividades de Alquiler y Arrendamiento.');
INSERT INTO icc_actividad_economica (icc_actividad_economica_id, ad_client_id, ad_org_id, createdby, updatedby, codigo, valor) VALUES (1000281, 1000000, 0, 100, 100, '7710000', 'Alquiler y Arrendamiento de Vehículos Automotores.');
INSERT INTO icc_actividad_economica (icc_actividad_economica_id, ad_client_id, ad_org_id, createdby, updatedby, codigo, valor) VALUES (1000282, 1000000, 0, 100, 100, '7720000', 'Alquiler y Arrendamiento de Efectos Personales y Enseres Domésticos.');
INSERT INTO icc_actividad_economica (icc_actividad_economica_id, ad_client_id, ad_org_id, createdby, updatedby, codigo, valor) VALUES (1000283, 1000000, 0, 100, 100, '7730000', 'Alquiler y Arrendamiento de Otros Tipos de Maquinaria, Equipo y Bienes Tangibles.');
INSERT INTO icc_actividad_economica (icc_actividad_economica_id, ad_client_id, ad_org_id, createdby, updatedby, codigo, valor) VALUES (1000284, 1000000, 0, 100, 100, '7740000', 'Arrendamiento de Propiedad Intelectual y Productos Similares, Excepto Obras Protegidas por Derechos de Autor.');
INSERT INTO icc_actividad_economica (icc_actividad_economica_id, ad_client_id, ad_org_id, createdby, updatedby, codigo, valor) VALUES (1000285, 1000000, 0, 100, 100, '7800000', 'Actividades de Empleo.');
INSERT INTO icc_actividad_economica (icc_actividad_economica_id, ad_client_id, ad_org_id, createdby, updatedby, codigo, valor) VALUES (1000286, 1000000, 0, 100, 100, '7900000', 'Actividades de Agencias de Viajes, Operadores Turísticos, Servicios de Reserva y Actividades Conexas.');
INSERT INTO icc_actividad_economica (icc_actividad_economica_id, ad_client_id, ad_org_id, createdby, updatedby, codigo, valor) VALUES (1000287, 1000000, 0, 100, 100, '8000000', 'Actividades de Seguridad e Investigación.');
INSERT INTO icc_actividad_economica (icc_actividad_economica_id, ad_client_id, ad_org_id, createdby, updatedby, codigo, valor) VALUES (1000288, 1000000, 0, 100, 100, '8100000', 'Actividades de Servicios a Edificios y Actividades de Jardinería.');
INSERT INTO icc_actividad_economica (icc_actividad_economica_id, ad_client_id, ad_org_id, createdby, updatedby, codigo, valor) VALUES (1000289, 1000000, 0, 100, 100, '8200000', 'Actividades de Apoyo de Oficina, Actividades de Apoyo Empresarial y Otras Actividades de Apoyo.');
INSERT INTO icc_actividad_economica (icc_actividad_economica_id, ad_client_id, ad_org_id, createdby, updatedby, codigo, valor) VALUES (1000290, 1000000, 0, 100, 100, '8400000', 'Administración Pública y Defensa, Planes de Seguridad Social de Afiliación Obligatoria.');
INSERT INTO icc_actividad_economica (icc_actividad_economica_id, ad_client_id, ad_org_id, createdby, updatedby, codigo, valor) VALUES (1000291, 1000000, 0, 100, 100, '8500000', 'Educación.');
INSERT INTO icc_actividad_economica (icc_actividad_economica_id, ad_client_id, ad_org_id, createdby, updatedby, codigo, valor) VALUES (1000292, 1000000, 0, 100, 100, '8600000', 'Actividades de Atención de la Salud Humana.');
INSERT INTO icc_actividad_economica (icc_actividad_economica_id, ad_client_id, ad_org_id, createdby, updatedby, codigo, valor) VALUES (1000293, 1000000, 0, 100, 100, '8700000', 'Actividades de Asistencia en Establecimientos Residenciales.');
INSERT INTO icc_actividad_economica (icc_actividad_economica_id, ad_client_id, ad_org_id, createdby, updatedby, codigo, valor) VALUES (1000294, 1000000, 0, 100, 100, '8800000', 'Actividades de Asistencia Social sin Alojamiento.');
INSERT INTO icc_actividad_economica (icc_actividad_economica_id, ad_client_id, ad_org_id, createdby, updatedby, codigo, valor) VALUES (1000295, 1000000, 0, 100, 100, '9000000', 'Actividades Creativas, Artísticas y de Entretenimiento.');
INSERT INTO icc_actividad_economica (icc_actividad_economica_id, ad_client_id, ad_org_id, createdby, updatedby, codigo, valor) VALUES (1000296, 1000000, 0, 100, 100, '9100000', 'Actividades de Bibliotecas, Archivos, Museos y Otras Actividades Culturales.');
INSERT INTO icc_actividad_economica (icc_actividad_economica_id, ad_client_id, ad_org_id, createdby, updatedby, codigo, valor) VALUES (1000297, 1000000, 0, 100, 100, '9200000', 'Actividades de Juegos de Azar y Apuestas.');
INSERT INTO icc_actividad_economica (icc_actividad_economica_id, ad_client_id, ad_org_id, createdby, updatedby, codigo, valor) VALUES (1000298, 1000000, 0, 100, 100, '9300000', 'Actividades Deportivas y Actividades de Esparcimiento y Recreativas.');
INSERT INTO icc_actividad_economica (icc_actividad_economica_id, ad_client_id, ad_org_id, createdby, updatedby, codigo, valor) VALUES (1000299, 1000000, 0, 100, 100, '9400000', 'Actividades de Asociaciones.');
INSERT INTO icc_actividad_economica (icc_actividad_economica_id, ad_client_id, ad_org_id, createdby, updatedby, codigo, valor) VALUES (1000300, 1000000, 0, 100, 100, '9500000', 'Reparación de Computadoras y Efectos Personales y Enseres Domésticos.');
INSERT INTO icc_actividad_economica (icc_actividad_economica_id, ad_client_id, ad_org_id, createdby, updatedby, codigo, valor) VALUES (1000301, 1000000, 0, 100, 100, '9600000', 'Otras Actividades de Servicios Personales.');
INSERT INTO icc_actividad_economica (icc_actividad_economica_id, ad_client_id, ad_org_id, createdby, updatedby, codigo, valor) VALUES (1000302, 1000000, 0, 100, 100, '9700000', 'Actividades de los Hogares como Empleadores de Personal Doméstico.');
INSERT INTO icc_actividad_economica (icc_actividad_economica_id, ad_client_id, ad_org_id, createdby, updatedby, codigo, valor) VALUES (1000303, 1000000, 0, 100, 100, '9800000', 'Actividades de los Hogares como Productores de Bienes y Servicios para Uso Propio.');
INSERT INTO icc_actividad_economica (icc_actividad_economica_id, ad_client_id, ad_org_id, createdby, updatedby, codigo, valor) VALUES (1000304, 1000000, 0, 100, 100, '9900000', 'Actividades de Organizaciones y Órganos Extraterritoriales.');


INSERT INTO icc_actividad_economica (icc_actividad_economica_id, ad_client_id, ad_org_id, createdby, updatedby, codigo, valor) VALUES (1000889, 1000000, 0, 100, 100, '2072200', 'Fabricación de Pinturas, Barnices y Productos de Revestimiento Similares, Tintas de Impresión y Masillas.');
INSERT INTO icc_actividad_economica (icc_actividad_economica_id, ad_client_id, ad_org_id, createdby, updatedby, codigo, valor) VALUES (1000890, 1000000, 0, 100, 100, '2072300', 'Fabricación de Jabones y Detergentes, Preparados de Limpieza y Pulido, Perfumes y Preparados de Tocador.');
INSERT INTO icc_actividad_economica (icc_actividad_economica_id, ad_client_id, ad_org_id, createdby, updatedby, codigo, valor) VALUES (1000891, 1000000, 0, 100, 100, '2072400', 'Fabricación de Otros Productos Químicos n.c.p.');
INSERT INTO icc_actividad_economica (icc_actividad_economica_id, ad_client_id, ad_org_id, createdby, updatedby, codigo, valor) VALUES (1000892, 1000000, 0, 100, 100, '2073000', 'Fabricación de Fibras Manufacturadas.');
INSERT INTO icc_actividad_economica (icc_actividad_economica_id, ad_client_id, ad_org_id, createdby, updatedby, codigo, valor) VALUES (1000893, 1000000, 0, 100, 100, '2080000', 'Fabricación de Productos de Caucho y Plástico.');
INSERT INTO icc_actividad_economica (icc_actividad_economica_id, ad_client_id, ad_org_id, createdby, updatedby, codigo, valor) VALUES (1000894, 1000000, 0, 100, 100, '2081000', 'Fabricación de Productos de Caucho.');
INSERT INTO icc_actividad_economica (icc_actividad_economica_id, ad_client_id, ad_org_id, createdby, updatedby, codigo, valor) VALUES (1000895, 1000000, 0, 100, 100, '2082000', 'Fabricación de Productos de Plástico.');
INSERT INTO icc_actividad_economica (icc_actividad_economica_id, ad_client_id, ad_org_id, createdby, updatedby, codigo, valor) VALUES (1000896, 1000000, 0, 100, 100, '2090000', 'Fabricación de Otros Productos Minerales No Metálicos.');
INSERT INTO icc_actividad_economica (icc_actividad_economica_id, ad_client_id, ad_org_id, createdby, updatedby, codigo, valor) VALUES (1000897, 1000000, 0, 100, 100, '2091000', 'Fabricación de Vidrio y Productos de Vidrio.');
INSERT INTO icc_actividad_economica (icc_actividad_economica_id, ad_client_id, ad_org_id, createdby, updatedby, codigo, valor) VALUES (1000898, 1000000, 0, 100, 100, '2092000', 'Fabricación de Productos Minerales No Metálicos n.c.p.');
INSERT INTO icc_actividad_economica (icc_actividad_economica_id, ad_client_id, ad_org_id, createdby, updatedby, codigo, valor) VALUES (1000899, 1000000, 0, 100, 100, '2092100', 'Fabricación de Cerámica.');
INSERT INTO icc_actividad_economica (icc_actividad_economica_id, ad_client_id, ad_org_id, createdby, updatedby, codigo, valor) VALUES (1000900, 1000000, 0, 100, 100, '2092200', 'Fabricación de Cemento, Cal y Yeso.');
INSERT INTO icc_actividad_economica (icc_actividad_economica_id, ad_client_id, ad_org_id, createdby, updatedby, codigo, valor) VALUES (1000901, 1000000, 0, 100, 100, '2092300', 'Fabricación de Artículos de Hormigón, Cemento y Yeso.');
INSERT INTO icc_actividad_economica (icc_actividad_economica_id, ad_client_id, ad_org_id, createdby, updatedby, codigo, valor) VALUES (1000902, 1000000, 0, 100, 100, '2092400', 'Fabricación de Productos de Piedra.');
INSERT INTO icc_actividad_economica (icc_actividad_economica_id, ad_client_id, ad_org_id, createdby, updatedby, codigo, valor) VALUES (1000903, 1000000, 0, 100, 100, '2092500', 'Fabricación de Productos de Asbesto.');
INSERT INTO icc_actividad_economica (icc_actividad_economica_id, ad_client_id, ad_org_id, createdby, updatedby, codigo, valor) VALUES (1000904, 1000000, 0, 100, 100, '2092600', 'Fabricación de Materiales Aislantes.');
INSERT INTO icc_actividad_economica (icc_actividad_economica_id, ad_client_id, ad_org_id, createdby, updatedby, codigo, valor) VALUES (1000905, 1000000, 0, 100, 100, '2092900', 'Fabricación de Otros Productos Minerales No Metálicos n.c.p.');
INSERT INTO icc_actividad_economica (icc_actividad_economica_id, ad_client_id, ad_org_id, createdby, updatedby, codigo, valor) VALUES (1000906, 1000000, 0, 100, 100, '2100000', 'Fabricación de Metales Básicos.');
INSERT INTO icc_actividad_economica (icc_actividad_economica_id, ad_client_id, ad_org_id, createdby, updatedby, codigo, valor) VALUES (1000907, 1000000, 0, 100, 100, '2101000', 'Fabricación de Productos de Hierro y Acero.');
INSERT INTO icc_actividad_economica (icc_actividad_economica_id, ad_client_id, ad_org_id, createdby, updatedby, codigo, valor) VALUES (1000908, 1000000, 0, 100, 100, '2102000', 'Fabricación de Productos de Metales No Ferrosos.');
INSERT INTO icc_actividad_economica (icc_actividad_economica_id, ad_client_id, ad_org_id, createdby, updatedby, codigo, valor) VALUES (1000909, 1000000, 0, 100, 100, '2103000', 'Fundición de Metales.');
INSERT INTO icc_actividad_economica (icc_actividad_economica_id, ad_client_id, ad_org_id, createdby, updatedby, codigo, valor) VALUES (1000910, 1000000, 0, 100, 100, '2110000', 'Fabricación de Productos Metálicos, Excepto Maquinaria y Equipo.');
INSERT INTO icc_actividad_economica (icc_actividad_economica_id, ad_client_id, ad_org_id, createdby, updatedby, codigo, valor) VALUES (1000911, 1000000, 0, 100, 100, '2111000', 'Fabricación de Productos Estructurales de Metal.');
INSERT INTO icc_actividad_economica (icc_actividad_economica_id, ad_client_id, ad_org_id, createdby, updatedby, codigo, valor) VALUES (1000912, 1000000, 0, 100, 100, '2112000', 'Fabricación de Tanques, Cisternas y Recipientes de Metal.');
INSERT INTO icc_actividad_economica (icc_actividad_economica_id, ad_client_id, ad_org_id, createdby, updatedby, codigo, valor) VALUES (1000913, 1000000, 0, 100, 100, '2113000', 'Fabricación de Generadores de Vapor, Excepto Calderas de Agua Caliente para Calefacción Central.');
INSERT INTO icc_actividad_economica (icc_actividad_economica_id, ad_client_id, ad_org_id, createdby, updatedby, codigo, valor) VALUES (1000914, 1000000, 0, 100, 100, '2119000', 'Fabricación de Otros Productos Metálicos.');
INSERT INTO icc_actividad_economica (icc_actividad_economica_id, ad_client_id, ad_org_id, createdby, updatedby, codigo, valor) VALUES (1000915, 1000000, 0, 100, 100, '2120000', 'Fabricación de Maquinaria y Equipo n.c.p.');
INSERT INTO icc_actividad_economica (icc_actividad_economica_id, ad_client_id, ad_org_id, createdby, updatedby, codigo, valor) VALUES (1000916, 1000000, 0, 100, 100, '2121000', 'Fabricación de Maquinaria Agropecuaria y Forestal.');
INSERT INTO icc_actividad_economica (icc_actividad_economica_id, ad_client_id, ad_org_id, createdby, updatedby, codigo, valor) VALUES (1000917, 1000000, 0, 100, 100, '2122000', 'Fabricación de Máquinas Herramientas.');
INSERT INTO icc_actividad_economica (icc_actividad_economica_id, ad_client_id, ad_org_id, createdby, updatedby, codigo, valor) VALUES (1000918, 1000000, 0, 100, 100, '2123000', 'Fabricación de Maquinaria para la Metalurgia.');
INSERT INTO icc_actividad_economica (icc_actividad_economica_id, ad_client_id, ad_org_id, createdby, updatedby, codigo, valor) VALUES (1000919, 1000000, 0, 100, 100, '2124000', 'Fabricación de Maquinaria para la Explotación de Minas y Canteras y para Obras de Construcción.');
INSERT INTO icc_actividad_economica (icc_actividad_economica_id, ad_client_id, ad_org_id, createdby, updatedby, codigo, valor) VALUES (1000920, 1000000, 0, 100, 100, '2125000', 'Fabricación de Maquinaria para la Elaboración de Alimentos, Bebidas y Tabaco.');
INSERT INTO icc_actividad_economica (icc_actividad_economica_id, ad_client_id, ad_org_id, createdby, updatedby, codigo, valor) VALUES (1000921, 1000000, 0, 100, 100, '2126000', 'Fabricación de Maquinaria para la Fabricación de Productos Textiles, Prendas de Vestir y Cueros.');
INSERT INTO icc_actividad_economica (icc_actividad_economica_id, ad_client_id, ad_org_id, createdby, updatedby, codigo, valor) VALUES (1000922, 1000000, 0, 100, 100, '2129000', 'Fabricación de Otros Tipos de Maquinaria de Uso General.');
INSERT INTO icc_actividad_economica (icc_actividad_economica_id, ad_client_id, ad_org_id, createdby, updatedby, codigo, valor) VALUES (1000923, 1000000, 0, 100, 100, '2130000', 'Fabricación de Maquinaria de Oficina, Contabilidad e Informática.');
INSERT INTO icc_actividad_economica (icc_actividad_economica_id, ad_client_id, ad_org_id, createdby, updatedby, codigo, valor) VALUES (1000924, 1000000, 0, 100, 100, '2131000', 'Fabricación de Maquinaria de Oficina y Contabilidad.');
INSERT INTO icc_actividad_economica (icc_actividad_economica_id, ad_client_id, ad_org_id, createdby, updatedby, codigo, valor) VALUES (1000925, 1000000, 0, 100, 100, '2132000', 'Fabricación de Computadoras y Otros Equipos de Procesamiento de Información.');
INSERT INTO icc_actividad_economica (icc_actividad_economica_id, ad_client_id, ad_org_id, createdby, updatedby, codigo, valor) VALUES (1000926, 1000000, 0, 100, 100, '2140000', 'Fabricación de Maquinaria y Aparatos Eléctricos n.c.p.');
INSERT INTO icc_actividad_economica (icc_actividad_economica_id, ad_client_id, ad_org_id, createdby, updatedby, codigo, valor) VALUES (1000927, 1000000, 0, 100, 100, '2141000', 'Fabricación de Motores, Generadores y Transformadores Eléctricos.');
INSERT INTO icc_actividad_economica (icc_actividad_economica_id, ad_client_id, ad_org_id, createdby, updatedby, codigo, valor) VALUES (1000928, 1000000, 0, 100, 100, '2142000', 'Fabricación de Aparatos de Distribución y Control de Energía Eléctrica.');
INSERT INTO icc_actividad_economica (icc_actividad_economica_id, ad_client_id, ad_org_id, createdby, updatedby, codigo, valor) VALUES (1000929, 1000000, 0, 100, 100, '2143000', 'Fabricación de Hilos y Cables Aislados.');
INSERT INTO icc_actividad_economica (icc_actividad_economica_id, ad_client_id, ad_org_id, createdby, updatedby, codigo, valor) VALUES (1000930, 1000000, 0, 100, 100, '2144000', 'Fabricación de Acumuladores, Pilas y Baterías Primarias.');
INSERT INTO icc_actividad_economica (icc_actividad_economica_id, ad_client_id, ad_org_id, createdby, updatedby, codigo, valor) VALUES (1000931, 1000000, 0, 100, 100, '2145000', 'Fabricación de Lámparas Eléctricas y Equipo de Iluminación.');
INSERT INTO icc_actividad_economica (icc_actividad_economica_id, ad_client_id, ad_org_id, createdby, updatedby, codigo, valor) VALUES (1000932, 1000000, 0, 100, 100, '2149000', 'Fabricación de Otros Tipos de Equipo Eléctrico n.c.p.');
INSERT INTO icc_actividad_economica (icc_actividad_economica_id, ad_client_id, ad_org_id, createdby, updatedby, codigo, valor) VALUES (1000933, 1000000, 0, 100, 100, '2150000', 'Fabricación de Equipo de Radio, Televisión y Comunicaciones.');
INSERT INTO icc_actividad_economica (icc_actividad_economica_id, ad_client_id, ad_org_id, createdby, updatedby, codigo, valor) VALUES (1000934, 1000000, 0, 100, 100, '2151000', 'Fabricación de Componentes Electrónicos.');
INSERT INTO icc_actividad_economica (icc_actividad_economica_id, ad_client_id, ad_org_id, createdby, updatedby, codigo, valor) VALUES (1000935, 1000000, 0, 100, 100, '2152000', 'Fabricación de Transmisores de Radio y Televisión y de Aparatos para Telefonía y Telegrafía.');
INSERT INTO icc_actividad_economica (icc_actividad_economica_id, ad_client_id, ad_org_id, createdby, updatedby, codigo, valor) VALUES (1000936, 1000000, 0, 100, 100, '2153000', 'Fabricación de Receptores de Radio y Televisión, Aparatos de Grabación y Reproducción de Sonido y Video, y Productos Conexos.');
INSERT INTO icc_actividad_economica (icc_actividad_economica_id, ad_client_id, ad_org_id, createdby, updatedby, codigo, valor) VALUES (1000937, 1000000, 0, 100, 100, '2160000', 'Fabricación de Instrumentos Médicos, Ópticos y de Precisión, Fabricación de Relojes y de Relojes de Pulsera.');
INSERT INTO icc_actividad_economica (icc_actividad_economica_id, ad_client_id, ad_org_id, createdby, updatedby, codigo, valor) VALUES (1000938, 1000000, 0, 100, 100, '2161000', 'Fabricación de Equipo Médico y Quirúrgico y de Aparatos Ortopédicos.');
INSERT INTO icc_actividad_economica (icc_actividad_economica_id, ad_client_id, ad_org_id, createdby, updatedby, codigo, valor) VALUES (1000939, 1000000, 0, 100, 100, '2162000', 'Fabricación de Instrumentos de Medición, Verificación, Ensayo, Navegación y Otros Fines, Excepto Equipo de Control de Procesos Industriales.');
INSERT INTO icc_actividad_economica (icc_actividad_economica_id, ad_client_id, ad_org_id, createdby, updatedby, codigo, valor) VALUES (1000940, 1000000, 0, 100, 100, '2163000', 'Fabricación de Equipo de Control de Procesos Industriales.');
INSERT INTO icc_actividad_economica (icc_actividad_economica_id, ad_client_id, ad_org_id, createdby, updatedby, codigo, valor) VALUES (1000941, 1000000, 0, 100, 100, '2164000', 'Fabricación de Instrumentos Ópticos y Equipo Fotográfico.');
INSERT INTO icc_actividad_economica (icc_actividad_economica_id, ad_client_id, ad_org_id, createdby, updatedby, codigo, valor) VALUES (1000942, 1000000, 0, 100, 100, '2165000', 'Fabricación de Relojes y de Relojes de Pulsera.');
INSERT INTO icc_actividad_economica (icc_actividad_economica_id, ad_client_id, ad_org_id, createdby, updatedby, codigo, valor) VALUES (1000943, 1000000, 0, 100, 100, '2170000', 'Fabricación de Vehículos Automotores, Remolques y Semirremolques.');
INSERT INTO icc_actividad_economica (icc_actividad_economica_id, ad_client_id, ad_org_id, createdby, updatedby, codigo, valor) VALUES (1000944, 1000000, 0, 100, 100, '2171000', 'Fabricación de Vehículos Automotores.');
INSERT INTO icc_actividad_economica (icc_actividad_economica_id, ad_client_id, ad_org_id, createdby, updatedby, codigo, valor) VALUES (1000945, 1000000, 0, 100, 100, '2172000', 'Fabricación de Carrocerías para Vehículos Automotores, Fabricación de Remolques y Semirremolques.');
INSERT INTO icc_actividad_economica (icc_actividad_economica_id, ad_client_id, ad_org_id, createdby, updatedby, codigo, valor) VALUES (1000946, 1000000, 0, 100, 100, '2173000', 'Fabricación de Partes, Piezas y Accesorios para Vehículos Automotores y sus Motores.');
INSERT INTO icc_actividad_economica (icc_actividad_economica_id, ad_client_id, ad_org_id, createdby, updatedby, codigo, valor) VALUES (1000947, 1000000, 0, 100, 100, '2180000', 'Fabricación de Otros Tipos de Equipo de Transporte.');
INSERT INTO icc_actividad_economica (icc_actividad_economica_id, ad_client_id, ad_org_id, createdby, updatedby, codigo, valor) VALUES (1000948, 1000000, 0, 100, 100, '2181000', 'Construcción de Buques y Otras Embarcaciones.');
INSERT INTO icc_actividad_economica (icc_actividad_economica_id, ad_client_id, ad_org_id, createdby, updatedby, codigo, valor) VALUES (1000949, 1000000, 0, 100, 100, '2182000', 'Fabricación de Locomotoras y Material Rodante.');
INSERT INTO icc_actividad_economica (icc_actividad_economica_id, ad_client_id, ad_org_id, createdby, updatedby, codigo, valor) VALUES (1000950, 1000000, 0, 100, 100, '2183000', 'Fabricación de Aeronaves y Naves Espaciales.');
INSERT INTO icc_actividad_economica (icc_actividad_economica_id, ad_client_id, ad_org_id, createdby, updatedby, codigo, valor) VALUES (1000951, 1000000, 0, 100, 100, '2184000', 'Fabricación de Motocicletas y sus Partes, Piezas y Accesorios.');
INSERT INTO icc_actividad_economica (icc_actividad_economica_id, ad_client_id, ad_org_id, createdby, updatedby, codigo, valor) VALUES (1000952, 1000000, 0, 100, 100, '2185000', 'Fabricación de Bicicletas y sus Partes, Piezas y Accesorios.');
INSERT INTO icc_actividad_economica (icc_actividad_economica_id, ad_client_id, ad_org_id, createdby, updatedby, codigo, valor) VALUES (1000953, 1000000, 0, 100, 100, '2189000', 'Fabricación de Otros Tipos de Equipo de Transporte n.c.p.');
INSERT INTO icc_actividad_economica (icc_actividad_economica_id, ad_client_id, ad_org_id, createdby, updatedby, codigo, valor) VALUES (1000954, 1000000, 0, 100, 100, '2190000', 'Otras Industrias Manufactureras.');
INSERT INTO icc_actividad_economica (icc_actividad_economica_id, ad_client_id, ad_org_id, createdby, updatedby, codigo, valor) VALUES (1000955, 1000000, 0, 100, 100, '2191000', 'Fabricación de Muebles.');
INSERT INTO icc_actividad_economica (icc_actividad_economica_id, ad_client_id, ad_org_id, createdby, updatedby, codigo, valor) VALUES (1000956, 1000000, 0, 100, 100, '2192000', 'Fabricación de Joyas y Artículos Conexos.');
INSERT INTO icc_actividad_economica (icc_actividad_economica_id, ad_client_id, ad_org_id, createdby, updatedby, codigo, valor) VALUES (1000957, 1000000, 0, 100, 100, '2193000', 'Fabricación de Instrumentos Musicales.');
INSERT INTO icc_actividad_economica (icc_actividad_economica_id, ad_client_id, ad_org_id, createdby, updatedby, codigo, valor) VALUES (1000958, 1000000, 0, 100, 100, '2194000', 'Fabricación de Artículos de Deporte.');
INSERT INTO icc_actividad_economica (icc_actividad_economica_id, ad_client_id, ad_org_id, createdby, updatedby, codigo, valor) VALUES (1000959, 1000000, 0, 100, 100, '2195000', 'Fabricación de Juegos y Juguetes.');
INSERT INTO icc_actividad_economica (icc_actividad_economica_id, ad_client_id, ad_org_id, createdby, updatedby, codigo, valor) VALUES (1000960, 1000000, 0, 100, 100, '2199000', 'Otras Industrias Manufactureras n.c.p.');
INSERT INTO icc_actividad_economica (icc_actividad_economica_id, ad_client_id, ad_org_id, createdby, updatedby, codigo, valor) VALUES (1000961, 1000000, 0, 100, 100, '2200000', 'Suministro de Electricidad, Gas y Agua.');
INSERT INTO icc_actividad_economica (icc_actividad_economica_id, ad_client_id, ad_org_id, createdby, updatedby, codigo, valor) VALUES (1000962, 1000000, 0, 100, 100, '2210000', 'Suministro de Electricidad, Gas, Vapor y Agua Caliente.');
INSERT INTO icc_actividad_economica (icc_actividad_economica_id, ad_client_id, ad_org_id, createdby, updatedby, codigo, valor) VALUES (1000963, 1000000, 0, 100, 100, '2211000', 'Generación, Captación y Distribución de Energía Eléctrica.');
INSERT INTO icc_actividad_economica (icc_actividad_economica_id, ad_client_id, ad_org_id, createdby, updatedby, codigo, valor) VALUES (1000964, 1000000, 0, 100, 100, '2212000', 'Fabricación de Gas, Distribución de Combustibles Gaseosos por Tuberías.');
INSERT INTO icc_actividad_economica (icc_actividad_economica_id, ad_client_id, ad_org_id, createdby, updatedby, codigo, valor) VALUES (1000965, 1000000, 0, 100, 100, '2213000', 'Suministro de Vapor y Agua Caliente.');
INSERT INTO icc_actividad_economica (icc_actividad_economica_id, ad_client_id, ad_org_id, createdby, updatedby, codigo, valor) VALUES (1000966, 1000000, 0, 100, 100, '2220000', 'Captación, Depuración y Distribución de Agua.');
INSERT INTO icc_actividad_economica (icc_actividad_economica_id, ad_client_id, ad_org_id, createdby, updatedby, codigo, valor) VALUES (1000967, 1000000, 0, 100, 100, '3000000', 'Construcción.');
INSERT INTO icc_actividad_economica (icc_actividad_economica_id, ad_client_id, ad_org_id, createdby, updatedby, codigo, valor) VALUES (1000968, 1000000, 0, 100, 100, '3010000', 'Construcción de Edificios.');
INSERT INTO icc_actividad_economica (icc_actividad_economica_id, ad_client_id, ad_org_id, createdby, updatedby, codigo, valor) VALUES (1000969, 1000000, 0, 100, 100, '3011000', 'Construcción de Edificios Completos y de Partes de Edificios, Obras de Ingeniería Civil.');
INSERT INTO icc_actividad_economica (icc_actividad_economica_id, ad_client_id, ad_org_id, createdby, updatedby, codigo, valor) VALUES (1000970, 1000000, 0, 100, 100, '3011100', 'Construcción de Edificios Residenciales.');
INSERT INTO icc_actividad_economica (icc_actividad_economica_id, ad_client_id, ad_org_id, createdby, updatedby, codigo, valor) VALUES (1000971, 1000000, 0, 100, 100, '3011200', 'Construcción de Edificios No Residenciales.');
INSERT INTO icc_actividad_economica (icc_actividad_economica_id, ad_client_id, ad_org_id, createdby, updatedby, codigo, valor) VALUES (1000972, 1000000, 0, 100, 100, '3012000', 'Construcción de Obras de Ingeniería Civil.');
INSERT INTO icc_actividad_economica (icc_actividad_economica_id, ad_client_id, ad_org_id, createdby, updatedby, codigo, valor) VALUES (1000973, 1000000, 0, 100, 100, '3012100', 'Construcción de Carreteras, Calles, Vías Férreas y Pistas de Aterrizaje.');
INSERT INTO icc_actividad_economica (icc_actividad_economica_id, ad_client_id, ad_org_id, createdby, updatedby, codigo, valor) VALUES (1000974, 1000000, 0, 100, 100, '3012200', 'Construcción de Puentes, Túneles y Vías Subterráneas.');
INSERT INTO icc_actividad_economica (icc_actividad_economica_id, ad_client_id, ad_org_id, createdby, updatedby, codigo, valor) VALUES (1000975, 1000000, 0, 100, 100, '3012300', 'Construcción de Redes de Tuberías, Líneas de Comunicación y Cables Eléctricos.');
INSERT INTO icc_actividad_economica (icc_actividad_economica_id, ad_client_id, ad_org_id, createdby, updatedby, codigo, valor) VALUES (1000976, 1000000, 0, 100, 100, '3012400', 'Construcción de Obras Hidráulicas.');
INSERT INTO icc_actividad_economica (icc_actividad_economica_id, ad_client_id, ad_org_id, createdby, updatedby, codigo, valor) VALUES (1000977, 1000000, 0, 100, 100, '3012500', 'Construcción de Otras Obras de Ingeniería Civil.');
INSERT INTO icc_actividad_economica (icc_actividad_economica_id, ad_client_id, ad_org_id, createdby, updatedby, codigo, valor) VALUES (1000978, 1000000, 0, 100, 100, '3020000', 'Acondicionamiento de Edificios.');
INSERT INTO icc_actividad_economica (icc_actividad_economica_id, ad_client_id, ad_org_id, createdby, updatedby, codigo, valor) VALUES (1000979, 1000000, 0, 100, 100, '3021000', 'Instalaciones Eléctricas.');
INSERT INTO icc_actividad_economica (icc_actividad_economica_id, ad_client_id, ad_org_id, createdby, updatedby, codigo, valor) VALUES (1000980, 1000000, 0, 100, 100, '3022000', 'Instalaciones de Fontanería, Calefacción y Aire Acondicionado.');
INSERT INTO icc_actividad_economica (icc_actividad_economica_id, ad_client_id, ad_org_id, createdby, updatedby, codigo, valor) VALUES (1000981, 1000000, 0, 100, 100, '3023000', 'Instalación de Sistemas de Protección contra Incendios.');
INSERT INTO icc_actividad_economica (icc_actividad_economica_id, ad_client_id, ad_org_id, createdby, updatedby, codigo, valor) VALUES (1000982, 1000000, 0, 100, 100, '3024000', 'Instalación de Ascensores y Escaleras Mecánicas.');
INSERT INTO icc_actividad_economica (icc_actividad_economica_id, ad_client_id, ad_org_id, createdby, updatedby, codigo, valor) VALUES (1000983, 1000000, 0, 100, 100, '3029000', 'Otras Instalaciones para Edificios.');
INSERT INTO icc_actividad_economica (icc_actividad_economica_id, ad_client_id, ad_org_id, createdby, updatedby, codigo, valor) VALUES (1000984, 1000000, 0, 100, 100, '3030000', 'Terminación de Edificios.');
INSERT INTO icc_actividad_economica (icc_actividad_economica_id, ad_client_id, ad_org_id, createdby, updatedby, codigo, valor) VALUES (1000985, 1000000, 0, 100, 100, '3031000', 'Revoque.');
INSERT INTO icc_actividad_economica (icc_actividad_economica_id, ad_client_id, ad_org_id, createdby, updatedby, codigo, valor) VALUES (1000986, 1000000, 0, 100, 100, '3032000', 'Instalación de Carpintería.');
INSERT INTO icc_actividad_economica (icc_actividad_economica_id, ad_client_id, ad_org_id, createdby, updatedby, codigo, valor) VALUES (1000987, 1000000, 0, 100, 100, '3033000', 'Revestimiento de Suelos y Paredes.');
INSERT INTO icc_actividad_economica (icc_actividad_economica_id, ad_client_id, ad_org_id, createdby, updatedby, codigo, valor) VALUES (1000988, 1000000, 0, 100, 100, '3034000', 'Pintura y Acristalamiento.');
INSERT INTO icc_actividad_economica (icc_actividad_economica_id, ad_client_id, ad_org_id, createdby, updatedby, codigo, valor) VALUES (1000989, 1000000, 0, 100, 100, '3035000', 'Otras Actividades de Terminación de Edificios.');
INSERT INTO icc_actividad_economica (icc_actividad_economica_id, ad_client_id, ad_org_id, createdby, updatedby, codigo, valor) VALUES (1000990, 1000000, 0, 100, 100, '3040000', 'Alquiler de Maquinaria y Equipo de Construcción con Operarios.');
INSERT INTO icc_actividad_economica (icc_actividad_economica_id, ad_client_id, ad_org_id, createdby, updatedby, codigo, valor) VALUES (1000991, 1000000, 0, 100, 100, '4000000', 'Comercio al por Mayor y al por Menor, Reparación de Vehículos Automotores, Motocicletas, Efectos Personales y Enseres Domésticos.');
INSERT INTO icc_actividad_economica (icc_actividad_economica_id, ad_client_id, ad_org_id, createdby, updatedby, codigo, valor) VALUES (1000992, 1000000, 0, 100, 100, '4010000', 'Venta, Mantenimiento y Reparación de Vehículos Automotores y Motocicletas, Venta al por Menor de Combustible para Automotores.');
INSERT INTO icc_actividad_economica (icc_actividad_economica_id, ad_client_id, ad_org_id, createdby, updatedby, codigo, valor) VALUES (1000993, 1000000, 0, 100, 100, '4011000', 'Venta de Vehículos Automotores.');
INSERT INTO icc_actividad_economica (icc_actividad_economica_id, ad_client_id, ad_org_id, createdby, updatedby, codigo, valor) VALUES (1000994, 1000000, 0, 100, 100, '4012000', 'Mantenimiento y Reparación de Vehículos Automotores.');
INSERT INTO icc_actividad_economica (icc_actividad_economica_id, ad_client_id, ad_org_id, createdby, updatedby, codigo, valor) VALUES (1000995, 1000000, 0, 100, 100, '4013000', 'Venta de Partes, Piezas y Accesorios de Vehículos Automotores.');
INSERT INTO icc_actividad_economica (icc_actividad_economica_id, ad_client_id, ad_org_id, createdby, updatedby, codigo, valor) VALUES (1000996, 1000000, 0, 100, 100, '4014000', 'Venta, Mantenimiento y Reparación de Motocicletas y de sus Partes y Accesorios.');
INSERT INTO icc_actividad_economica (icc_actividad_economica_id, ad_client_id, ad_org_id, createdby, updatedby, codigo, valor) VALUES (1000997, 1000000, 0, 100, 100, '4015000', 'Venta al por Menor de Combustible para Automotores.');
INSERT INTO icc_actividad_economica (icc_actividad_economica_id, ad_client_id, ad_org_id, createdby, updatedby, codigo, valor) VALUES (1000998, 1000000, 0, 100, 100, '4020000', 'Comercio al por Mayor y en Comisión, Excepto el Comercio de Vehículos Automotores y Motocicletas.');
INSERT INTO icc_actividad_economica (icc_actividad_economica_id, ad_client_id, ad_org_id, createdby, updatedby, codigo, valor) VALUES (1000999, 1000000, 0, 100, 100, '4021000', 'Comercio al por Mayor a Cambio de una Retribución o por Contrata.');
INSERT INTO icc_actividad_economica (icc_actividad_economica_id, ad_client_id, ad_org_id, createdby, updatedby, codigo, valor) VALUES (1001000, 1000000, 0, 100, 100, '4022000', 'Comercio al por Mayor de Productos Agropecuarios en Bruto, Alimentos, Bebidas y Tabaco.');
INSERT INTO icc_actividad_economica (icc_actividad_economica_id, ad_client_id, ad_org_id, createdby, updatedby, codigo, valor) VALUES (1001001, 1000000, 0, 100, 100, '4022100', 'Comercio al por Mayor de Productos Agropecuarios en Bruto.');
INSERT INTO icc_actividad_economica (icc_actividad_economica_id, ad_client_id, ad_org_id, createdby, updatedby, codigo, valor) VALUES (1001002, 1000000, 0, 100, 100, '4022200', 'Comercio al por Mayor de Alimentos, Bebidas y Tabaco.');
INSERT INTO icc_actividad_economica (icc_actividad_economica_id, ad_client_id, ad_org_id, createdby, updatedby, codigo, valor) VALUES (1001003, 1000000, 0, 100, 100, '4023000', 'Comercio al por Mayor de Enseres Domésticos.');
INSERT INTO icc_actividad_economica (icc_actividad_economica_id, ad_client_id, ad_org_id, createdby, updatedby, codigo, valor) VALUES (1001004, 1000000, 0, 100, 100, '4023100', 'Comercio al por Mayor de Textiles, Prendas de Vestir y Calzado.');
INSERT INTO icc_actividad_economica (icc_actividad_economica_id, ad_client_id, ad_org_id, createdby, updatedby, codigo, valor) VALUES (1001005, 1000000, 0, 100, 100, '4023200', 'Comercio al por Mayor de Aparatos Eléctricos y Enseres Domésticos.');
INSERT INTO icc_actividad_economica (icc_actividad_economica_id, ad_client_id, ad_org_id, createdby, updatedby, codigo, valor) VALUES (1001006, 1000000, 0, 100, 100, '4023300', 'Comercio al por Mayor de Muebles, Artículos para el Hogar y Ferretería.');
INSERT INTO icc_actividad_economica (icc_actividad_economica_id, ad_client_id, ad_org_id, createdby, updatedby, codigo, valor) VALUES (1001007, 1000000, 0, 100, 100, '4023900', 'Comercio al por Mayor de Otros Enseres Domésticos.');
INSERT INTO icc_actividad_economica (icc_actividad_economica_id, ad_client_id, ad_org_id, createdby, updatedby, codigo, valor) VALUES (1001008, 1000000, 0, 100, 100, '4029000', 'Comercio al por Mayor de Otros Productos.');
INSERT INTO icc_actividad_economica (icc_actividad_economica_id, ad_client_id, ad_org_id, createdby, updatedby, codigo, valor) VALUES (1001009, 1000000, 0, 100, 100, '4029100', 'Comercio al por Mayor de Combustibles, Lubricantes, Minerales, Metales y Productos Químicos Industriales.');
INSERT INTO icc_actividad_economica (icc_actividad_economica_id, ad_client_id, ad_org_id, createdby, updatedby, codigo, valor) VALUES (1001010, 1000000, 0, 100, 100, '4029200', 'Comercio al por Mayor de Maquinaria, Equipo y Materiales de Construcción.');
INSERT INTO icc_actividad_economica (icc_actividad_economica_id, ad_client_id, ad_org_id, createdby, updatedby, codigo, valor) VALUES (1001011, 1000000, 0, 100, 100, '4029900', 'Comercio al por Mayor de Otros Productos n.c.p.');
INSERT INTO icc_actividad_economica (icc_actividad_economica_id, ad_client_id, ad_org_id, createdby, updatedby, codigo, valor) VALUES (1001012, 1000000, 0, 100, 100, '4030000', 'Comercio al por Menor, Excepto el Comercio de Vehículos Automotores, Motocicletas, Efectos Personales y Enseres Domésticos.');
INSERT INTO icc_actividad_economica (icc_actividad_economica_id, ad_client_id, ad_org_id, createdby, updatedby, codigo, valor) VALUES (1001013, 1000000, 0, 100, 100, '4031000', 'Comercio al por Menor en Tiendas No Especializadas.');
INSERT INTO icc_actividad_economica (icc_actividad_economica_id, ad_client_id, ad_org_id, createdby, updatedby, codigo, valor) VALUES (1001014, 1000000, 0, 100, 100, '4031100', 'Comercio al por Menor en Supermercados.');
INSERT INTO icc_actividad_economica (icc_actividad_economica_id, ad_client_id, ad_org_id, createdby, updatedby, codigo, valor) VALUES (1001015, 1000000, 0, 100, 100, '4031200', 'Comercio al por Menor en Tiendas de Conveniencia.');
INSERT INTO icc_actividad_economica (icc_actividad_economica_id, ad_client_id, ad_org_id, createdby, updatedby, codigo, valor) VALUES (1001016, 1000000, 0, 100, 100, '4031300', 'Comercio al por Menor en Otros Establecimientos No Especializados.');
INSERT INTO icc_actividad_economica (icc_actividad_economica_id, ad_client_id, ad_org_id, createdby, updatedby, codigo, valor) VALUES (1001017, 1000000, 0, 100, 100, '4032000', 'Comercio al por Menor de Alimentos, Bebidas y Tabaco en Tiendas Especializadas.');
INSERT INTO icc_actividad_economica (icc_actividad_economica_id, ad_client_id, ad_org_id, createdby, updatedby, codigo, valor) VALUES (1001018, 1000000, 0, 100, 100, '4032100', 'Comercio al por Menor de Frutas y Verduras.');
INSERT INTO icc_actividad_economica (icc_actividad_economica_id, ad_client_id, ad_org_id, createdby, updatedby, codigo, valor) VALUES (1001019, 1000000, 0, 100, 100, '4032200', 'Comercio al por Menor de Carne y Productos Cárnicos.');
INSERT INTO icc_actividad_economica (icc_actividad_economica_id, ad_client_id, ad_org_id, createdby, updatedby, codigo, valor) VALUES (1001020, 1000000, 0, 100, 100, '4032300', 'Comercio al por Menor de Pescado y Mariscos.');
INSERT INTO icc_actividad_economica (icc_actividad_economica_id, ad_client_id, ad_org_id, createdby, updatedby, codigo, valor) VALUES (1001021, 1000000, 0, 100, 100, '4032400', 'Comercio al por Menor de Pan y Productos de Panadería.');
INSERT INTO icc_actividad_economica (icc_actividad_economica_id, ad_client_id, ad_org_id, createdby, updatedby, codigo, valor) VALUES (1001022, 1000000, 0, 100, 100, '4032500', 'Comercio al por Menor de Bebidas.');
INSERT INTO icc_actividad_economica (icc_actividad_economica_id, ad_client_id, ad_org_id, createdby, updatedby, codigo, valor) VALUES (1001023, 1000000, 0, 100, 100, '4032600', 'Comercio al por Menor de Productos de Tabaco.');
INSERT INTO icc_actividad_economica (icc_actividad_economica_id, ad_client_id, ad_org_id, createdby, updatedby, codigo, valor) VALUES (1001024, 1000000, 0, 100, 100, '4032900', 'Comercio al por Menor de Otros Productos Alimenticios.');
INSERT INTO icc_actividad_economica (icc_actividad_economica_id, ad_client_id, ad_org_id, createdby, updatedby, codigo, valor) VALUES (1001025, 1000000, 0, 100, 100, '4033000', 'Comercio al por Menor de Otros Productos en Tiendas Especializadas.');
INSERT INTO icc_actividad_economica (icc_actividad_economica_id, ad_client_id, ad_org_id, createdby, updatedby, codigo, valor) VALUES (1001026, 1000000, 0, 100, 100, '4033100', 'Comercio al por Menor de Textiles.');
INSERT INTO icc_actividad_economica (icc_actividad_economica_id, ad_client_id, ad_org_id, createdby, updatedby, codigo, valor) VALUES (1001027, 1000000, 0, 100, 100, '4033200', 'Comercio al por Menor de Prendas de Vestir.');
INSERT INTO icc_actividad_economica (icc_actividad_economica_id, ad_client_id, ad_org_id, createdby, updatedby, codigo, valor) VALUES (1001028, 1000000, 0, 100, 100, '4033300', 'Comercio al por Menor de Calzado y Artículos de Cuero.');
INSERT INTO icc_actividad_economica (icc_actividad_economica_id, ad_client_id, ad_org_id, createdby, updatedby, codigo, valor) VALUES (1001029, 1000000, 0, 100, 100, '4033400', 'Comercio al por Menor de Muebles y Artículos para el Hogar.');
INSERT INTO icc_actividad_economica (icc_actividad_economica_id, ad_client_id, ad_org_id, createdby, updatedby, codigo, valor) VALUES (1001030, 1000000, 0, 100, 100, '4033500', 'Comercio al por Menor de Aparatos Eléctricos y Electrónicos.');
INSERT INTO icc_actividad_economica (icc_actividad_economica_id, ad_client_id, ad_org_id, createdby, updatedby, codigo, valor) VALUES (1001031, 1000000, 0, 100, 100, '4033600', 'Comercio al por Menor de Artículos de Ferretería, Pinturas y Vidrio.');
INSERT INTO icc_actividad_economica (icc_actividad_economica_id, ad_client_id, ad_org_id, createdby, updatedby, codigo, valor) VALUES (1001032, 1000000, 0, 100, 100, '4033700', 'Comercio al por Menor de Libros, Periódicos y Artículos de Papelería.');
INSERT INTO icc_actividad_economica (icc_actividad_economica_id, ad_client_id, ad_org_id, createdby, updatedby, codigo, valor) VALUES (1001033, 1000000, 0, 100, 100, '4033800', 'Comercio al por Menor de Artículos Deportivos y de Recreo.');
INSERT INTO icc_actividad_economica (icc_actividad_economica_id, ad_client_id, ad_org_id, createdby, updatedby, codigo, valor) VALUES (1001034, 1000000, 0, 100, 100, '4033900', 'Comercio al por Menor de Otros Productos n.c.p.');
INSERT INTO icc_actividad_economica (icc_actividad_economica_id, ad_client_id, ad_org_id, createdby, updatedby, codigo, valor) VALUES (1001035, 1000000, 0, 100, 100, '4034000', 'Comercio al por Menor de Artículos Usados en Tiendas.');
INSERT INTO icc_actividad_economica (icc_actividad_economica_id, ad_client_id, ad_org_id, createdby, updatedby, codigo, valor) VALUES (1001036, 1000000, 0, 100, 100, '4035000', 'Comercio al por Menor No Realizado en Tiendas.');
INSERT INTO icc_actividad_economica (icc_actividad_economica_id, ad_client_id, ad_org_id, createdby, updatedby, codigo, valor) VALUES (1001037, 1000000, 0, 100, 100, '4035100', 'Comercio al por Menor por Correo.');
INSERT INTO icc_actividad_economica (icc_actividad_economica_id, ad_client_id, ad_org_id, createdby, updatedby, codigo, valor) VALUES (1001038, 1000000, 0, 100, 100, '4035200', 'Comercio al por Menor por Internet.');
INSERT INTO icc_actividad_economica (icc_actividad_economica_id, ad_client_id, ad_org_id, createdby, updatedby, codigo, valor) VALUES (1001039, 1000000, 0, 100, 100, '4035300', 'Comercio al por Menor en Puestos de Venta y Mercados.');
INSERT INTO icc_actividad_economica (icc_actividad_economica_id, ad_client_id, ad_org_id, createdby, updatedby, codigo, valor) VALUES (1001040, 1000000, 0, 100, 100, '4035400', 'Comercio al por Menor por Máquinas Expendedoras.');
INSERT INTO icc_actividad_economica (icc_actividad_economica_id, ad_client_id, ad_org_id, createdby, updatedby, codigo, valor) VALUES (1001041, 1000000, 0, 100, 100, '4035900', 'Otros Tipos de Comercio al por Menor No Realizado en Tiendas.');
INSERT INTO icc_actividad_economica (icc_actividad_economica_id, ad_client_id, ad_org_id, createdby, updatedby, codigo, valor) VALUES (1001042, 1000000, 0, 100, 100, '4040000', 'Reparación de Efectos Personales y Enseres Domésticos.');
INSERT INTO icc_actividad_economica (icc_actividad_economica_id, ad_client_id, ad_org_id, createdby, updatedby, codigo, valor) VALUES (1001043, 1000000, 0, 100, 100, '4041000', 'Reparación de Calzado y Artículos de Cuero.');
INSERT INTO icc_actividad_economica (icc_actividad_economica_id, ad_client_id, ad_org_id, createdby, updatedby, codigo, valor) VALUES (1001044, 1000000, 0, 100, 100, '4042000', 'Reparación de Aparatos Eléctricos y Enseres Domésticos.');
INSERT INTO icc_actividad_economica (icc_actividad_economica_id, ad_client_id, ad_org_id, createdby, updatedby, codigo, valor) VALUES (1001045, 1000000, 0, 100, 100, '4043000', 'Reparación de Relojes y Joyas.');
INSERT INTO icc_actividad_economica (icc_actividad_economica_id, ad_client_id, ad_org_id, createdby, updatedby, codigo, valor) VALUES (1001046, 1000000, 0, 100, 100, '4049000', 'Reparación de Otros Efectos Personales y Enseres Domésticos.');
INSERT INTO icc_actividad_economica (icc_actividad_economica_id, ad_client_id, ad_org_id, createdby, updatedby, codigo, valor) VALUES (1001047, 1000000, 0, 100, 100, '5000000', 'Hoteles y Restaurantes.');
INSERT INTO icc_actividad_economica (icc_actividad_economica_id, ad_client_id, ad_org_id, createdby, updatedby, codigo, valor) VALUES (1001048, 1000000, 0, 100, 100, '5010000', 'Hoteles, Campamentos y Otros Tipos de Hospedaje Temporal.');
INSERT INTO icc_actividad_economica (icc_actividad_economica_id, ad_client_id, ad_org_id, createdby, updatedby, codigo, valor) VALUES (1001049, 1000000, 0, 100, 100, '5011000', 'Hoteles.');
INSERT INTO icc_actividad_economica (icc_actividad_economica_id, ad_client_id, ad_org_id, createdby, updatedby, codigo, valor) VALUES (1001050, 1000000, 0, 100, 100, '5012000', 'Campamentos y Otros Tipos de Hospedaje Temporal.');
INSERT INTO icc_actividad_economica (icc_actividad_economica_id, ad_client_id, ad_org_id, createdby, updatedby, codigo, valor) VALUES (1001051, 1000000, 0, 100, 100, '5020000', 'Restaurantes, Bares y Cantinas.');
INSERT INTO icc_actividad_economica (icc_actividad_economica_id, ad_client_id, ad_org_id, createdby, updatedby, codigo, valor) VALUES (1001052, 1000000, 0, 100, 100, '5021000', 'Restaurantes.');
INSERT INTO icc_actividad_economica (icc_actividad_economica_id, ad_client_id, ad_org_id, createdby, updatedby, codigo, valor) VALUES (1001053, 1000000, 0, 100, 100, '5022000', 'Bares y Cantinas.');
INSERT INTO icc_actividad_economica (icc_actividad_economica_id, ad_client_id, ad_org_id, createdby, updatedby, codigo, valor) VALUES (1001054, 1000000, 0, 100, 100, '6000000', 'Transporte, Almacenamiento y Comunicaciones.');
INSERT INTO icc_actividad_economica (icc_actividad_economica_id, ad_client_id, ad_org_id, createdby, updatedby, codigo, valor) VALUES (1001055, 1000000, 0, 100, 100, '6010000', 'Transporte Terrestre.');
INSERT INTO icc_actividad_economica (icc_actividad_economica_id, ad_client_id, ad_org_id, createdby, updatedby, codigo, valor) VALUES (1001056, 1000000, 0, 100, 100, '6011000', 'Transporte por Ferrocarril.');
INSERT INTO icc_actividad_economica (icc_actividad_economica_id, ad_client_id, ad_org_id, createdby, updatedby, codigo, valor) VALUES (1001057, 1000000, 0, 100, 100, '6012000', 'Transporte por Carretera.');
INSERT INTO icc_actividad_economica (icc_actividad_economica_id, ad_client_id, ad_org_id, createdby, updatedby, codigo, valor) VALUES (1001058, 1000000, 0, 100, 100, '6012100', 'Transporte Urbano y Suburbano de Pasajeros.');
INSERT INTO icc_actividad_economica (icc_actividad_economica_id, ad_client_id, ad_org_id, createdby, updatedby, codigo, valor) VALUES (1001059, 1000000, 0, 100, 100, '6012200', 'Transporte Interurbano de Pasajeros.');
INSERT INTO icc_actividad_economica (icc_actividad_economica_id, ad_client_id, ad_org_id, createdby, updatedby, codigo, valor) VALUES (1001060, 1000000, 0, 100, 100, '6012300', 'Transporte de Carga por Carretera.');
INSERT INTO icc_actividad_economica (icc_actividad_economica_id, ad_client_id, ad_org_id, createdby, updatedby, codigo, valor) VALUES (1001061, 1000000, 0, 100, 100, '6012400', 'Servicios de Mudanza.');
INSERT INTO icc_actividad_economica (icc_actividad_economica_id, ad_client_id, ad_org_id, createdby, updatedby, codigo, valor) VALUES (1001062, 1000000, 0, 100, 100, '6012900', 'Otros Tipos de Transporte por Carretera.');
INSERT INTO icc_actividad_economica (icc_actividad_economica_id, ad_client_id, ad_org_id, createdby, updatedby, codigo, valor) VALUES (1001063, 1000000, 0, 100, 100, '6030000', 'Transporte por Vía Acuática.');
INSERT INTO icc_actividad_economica (icc_actividad_economica_id, ad_client_id, ad_org_id, createdby, updatedby, codigo, valor) VALUES (1001064, 1000000, 0, 100, 100, '6031000', 'Transporte Marítimo y de Cabotaje.');
INSERT INTO icc_actividad_economica (icc_actividad_economica_id, ad_client_id, ad_org_id, createdby, updatedby, codigo, valor) VALUES (1001065, 1000000, 0, 100, 100, '6032000', 'Transporte por Vías de Navegación Interiores.');
INSERT INTO icc_actividad_economica (icc_actividad_economica_id, ad_client_id, ad_org_id, createdby, updatedby, codigo, valor) VALUES (1001066, 1000000, 0, 100, 100, '6040000', 'Transporte por Vía Aérea.');
INSERT INTO icc_actividad_economica (icc_actividad_economica_id, ad_client_id, ad_org_id, createdby, updatedby, codigo, valor) VALUES (1001067, 1000000, 0, 100, 100, '6041000', 'Transporte Regular por Vía Aérea.');
INSERT INTO icc_actividad_economica (icc_actividad_economica_id, ad_client_id, ad_org_id, createdby, updatedby, codigo, valor) VALUES (1001068, 1000000, 0, 100, 100, '6042000', 'Transporte No Regular por Vía Aérea.');
INSERT INTO icc_actividad_economica (icc_actividad_economica_id, ad_client_id, ad_org_id, createdby, updatedby, codigo, valor) VALUES (1001069, 1000000, 0, 100, 100, '6050000', 'Actividades de Apoyo al Transporte, Actividades de Agencias de Viajes.');
INSERT INTO icc_actividad_economica (icc_actividad_economica_id, ad_client_id, ad_org_id, createdby, updatedby, codigo, valor) VALUES (1001070, 1000000, 0, 100, 100, '6051000', 'Actividades de Manipulación de Carga.');
INSERT INTO icc_actividad_economica (icc_actividad_economica_id, ad_client_id, ad_org_id, createdby, updatedby, codigo, valor) VALUES (1001071, 1000000, 0, 100, 100, '6052000', 'Actividades de Almacenamiento y Depósito.');
INSERT INTO icc_actividad_economica (icc_actividad_economica_id, ad_client_id, ad_org_id, createdby, updatedby, codigo, valor) VALUES (1001072, 1000000, 0, 100, 100, '6053000', 'Otras Actividades de Apoyo al Transporte.');
INSERT INTO icc_actividad_economica (icc_actividad_economica_id, ad_client_id, ad_org_id, createdby, updatedby, codigo, valor) VALUES (1001073, 1000000, 0, 100, 100, '6054000', 'Actividades de Agencias de Viajes.');
INSERT INTO icc_actividad_economica (icc_actividad_economica_id, ad_client_id, ad_org_id, createdby, updatedby, codigo, valor) VALUES (1001074, 1000000, 0, 100, 100, '6060000', 'Actividades de Correos y Telecomunicaciones.');
INSERT INTO icc_actividad_economica (icc_actividad_economica_id, ad_client_id, ad_org_id, createdby, updatedby, codigo, valor) VALUES (1001075, 1000000, 0, 100, 100, '6061000', 'Actividades Postales.');
INSERT INTO icc_actividad_economica (icc_actividad_economica_id, ad_client_id, ad_org_id, createdby, updatedby, codigo, valor) VALUES (1001076, 1000000, 0, 100, 100, '6062000', 'Actividades de Telecomunicaciones.');
INSERT INTO icc_actividad_economica (icc_actividad_economica_id, ad_client_id, ad_org_id, createdby, updatedby, codigo, valor) VALUES (1001077, 1000000, 0, 100, 100, '7000000', 'Intermediación Financiera.');
INSERT INTO icc_actividad_economica (icc_actividad_economica_id, ad_client_id, ad_org_id, createdby, updatedby, codigo, valor) VALUES (1001078, 1000000, 0, 100, 100, '7010000', 'Intermediación Monetaria.');
INSERT INTO icc_actividad_economica (icc_actividad_economica_id, ad_client_id, ad_org_id, createdby, updatedby, codigo, valor) VALUES (1001079, 1000000, 0, 100, 100, '7011000', 'Banco Central.');
INSERT INTO icc_actividad_economica (icc_actividad_economica_id, ad_client_id, ad_org_id, createdby, updatedby, codigo, valor) VALUES (1001080, 1000000, 0, 100, 100, '7019000', 'Otros Tipos de Intermediación Monetaria.');
INSERT INTO icc_actividad_economica (icc_actividad_economica_id, ad_client_id, ad_org_id, createdby, updatedby, codigo, valor) VALUES (1001081, 1000000, 0, 100, 100, '7020000', 'Intermediación No Monetaria.');
INSERT INTO icc_actividad_economica (icc_actividad_economica_id, ad_client_id, ad_org_id, createdby, updatedby, codigo, valor) VALUES (1001082, 1000000, 0, 100, 100, '7021000', 'Arrendamiento Financiero.');
INSERT INTO icc_actividad_economica (icc_actividad_economica_id, ad_client_id, ad_org_id, createdby, updatedby, codigo, valor) VALUES (1001083, 1000000, 0, 100, 100, '7022000', 'Otras Actividades de Crédito.');
INSERT INTO icc_actividad_economica (icc_actividad_economica_id, ad_client_id, ad_org_id, createdby, updatedby, codigo, valor) VALUES (1001084, 1000000, 0, 100, 100, '7023000', 'Fondos de Inversión.');
INSERT INTO icc_actividad_economica (icc_actividad_economica_id, ad_client_id, ad_org_id, createdby, updatedby, codigo, valor) VALUES (1001085, 1000000, 0, 100, 100, '7029000', 'Otros Tipos de Intermediación Financiera No Monetaria.');
INSERT INTO icc_actividad_economica (icc_actividad_economica_id, ad_client_id, ad_org_id, createdby, updatedby, codigo, valor) VALUES (1001086, 1000000, 0, 100, 100, '7030000', 'Actividades de Planes de Seguros y de Fondos de Pensiones.');
INSERT INTO icc_actividad_economica (icc_actividad_economica_id, ad_client_id, ad_org_id, createdby, updatedby, codigo, valor) VALUES (1001087, 1000000, 0, 100, 100, '7031000', 'Planes de Seguros.');
INSERT INTO icc_actividad_economica (icc_actividad_economica_id, ad_client_id, ad_org_id, createdby, updatedby, codigo, valor) VALUES (1001088, 1000000, 0, 100, 100, '7032000', 'Fondos de Pensiones.');
INSERT INTO icc_actividad_economica (icc_actividad_economica_id, ad_client_id, ad_org_id, createdby, updatedby, codigo, valor) VALUES (1001089, 1000000, 0, 100, 100, '7040000', 'Actividades Auxiliares de la Intermediación Financiera.');
INSERT INTO icc_actividad_economica (icc_actividad_economica_id, ad_client_id, ad_org_id, createdby, updatedby, codigo, valor) VALUES (1001090, 1000000, 0, 100, 100, '7041000', 'Actividades Auxiliares de la Intermediación Monetaria.');
INSERT INTO icc_actividad_economica (icc_actividad_economica_id, ad_client_id, ad_org_id, createdby, updatedby, codigo, valor) VALUES (1001091, 1000000, 0, 100, 100, '7042000', 'Actividades Auxiliares de la Intermediación No Monetaria.');
INSERT INTO icc_actividad_economica (icc_actividad_economica_id, ad_client_id, ad_org_id, createdby, updatedby, codigo, valor) VALUES (1001092, 1000000, 0, 100, 100, '7043000', 'Actividades Auxiliares de los Planes de Seguros y de Fondos de Pensiones.');
INSERT INTO icc_actividad_economica (icc_actividad_economica_id, ad_client_id, ad_org_id, createdby, updatedby, codigo, valor) VALUES (1001093, 1000000, 0, 100, 100, '8000000', 'Actividades Inmobiliarias, Empresariales y de Alquiler.');
INSERT INTO icc_actividad_economica (icc_actividad_economica_id, ad_client_id, ad_org_id, createdby, updatedby, codigo, valor) VALUES (1001094, 1000000, 0, 100, 100, '8010000', 'Actividades Inmobiliarias.');
INSERT INTO icc_actividad_economica (icc_actividad_economica_id, ad_client_id, ad_org_id, createdby, updatedby, codigo, valor) VALUES (1001095, 1000000, 0, 100, 100, '8011000', 'Actividades Inmobiliarias Realizadas con Bienes Propios o Arrendados.');
INSERT INTO icc_actividad_economica (icc_actividad_economica_id, ad_client_id, ad_org_id, createdby, updatedby, codigo, valor) VALUES (1001096, 1000000, 0, 100, 100, '8012000', 'Actividades Inmobiliarias Realizadas a Cambio de una Retribución o por Contrata.');
INSERT INTO icc_actividad_economica (icc_actividad_economica_id, ad_client_id, ad_org_id, createdby, updatedby, codigo, valor) VALUES (1001097, 1000000, 0, 100, 100, '8020000', 'Actividades de Alquiler.');
INSERT INTO icc_actividad_economica (icc_actividad_economica_id, ad_client_id, ad_org_id, createdby, updatedby, codigo, valor) VALUES (1001098, 1000000, 0, 100, 100, '8021000', 'Alquiler de Vehículos Automotores.');
INSERT INTO icc_actividad_economica (icc_actividad_economica_id, ad_client_id, ad_org_id, createdby, updatedby, codigo, valor) VALUES (1001099, 1000000, 0, 100, 100, '8022000', 'Alquiler de Otros Tipos de Equipo de Transporte.');
INSERT INTO icc_actividad_economica (icc_actividad_economica_id, ad_client_id, ad_org_id, createdby, updatedby, codigo, valor) VALUES (1001100, 1000000, 0, 100, 100, '8023000', 'Alquiler de Maquinaria y Equipo Agropecuario.');
INSERT INTO icc_actividad_economica (icc_actividad_economica_id, ad_client_id, ad_org_id, createdby, updatedby, codigo, valor) VALUES (1001101, 1000000, 0, 100, 100, '8024000', 'Alquiler de Maquinaria y Equipo de Construcción.');
INSERT INTO icc_actividad_economica (icc_actividad_economica_id, ad_client_id, ad_org_id, createdby, updatedby, codigo, valor) VALUES (1001102, 1000000, 0, 100, 100, '8025000', 'Alquiler de Maquinaria y Equipo de Oficina, Contabilidad e Informática.');
INSERT INTO icc_actividad_economica (icc_actividad_economica_id, ad_client_id, ad_org_id, createdby, updatedby, codigo, valor) VALUES (1001103, 1000000, 0, 100, 100, '8026000', 'Alquiler de Otros Tipos de Maquinaria y Equipo.');
INSERT INTO icc_actividad_economica (icc_actividad_economica_id, ad_client_id, ad_org_id, createdby, updatedby, codigo, valor) VALUES (1001104, 1000000, 0, 100, 100, '8029000', 'Alquiler de Efectos Personales y Enseres Domésticos n.c.p.');
INSERT INTO icc_actividad_economica (icc_actividad_economica_id, ad_client_id, ad_org_id, createdby, updatedby, codigo, valor) VALUES (1001105, 1000000, 0, 100, 100, '8030000', 'Actividades Empresariales n.c.p.');
INSERT INTO icc_actividad_economica (icc_actividad_economica_id, ad_client_id, ad_org_id, createdby, updatedby, codigo, valor) VALUES (1001106, 1000000, 0, 100, 100, '8031000', 'Actividades Jurídicas.');
INSERT INTO icc_actividad_economica (icc_actividad_economica_id, ad_client_id, ad_org_id, createdby, updatedby, codigo, valor) VALUES (1001107, 1000000, 0, 100, 100, '8032000', 'Actividades de Contabilidad, Teneduría de Libros y Auditoría, Asesoramiento en Materia de Impuestos.');
INSERT INTO icc_actividad_economica (icc_actividad_economica_id, ad_client_id, ad_org_id, createdby, updatedby, codigo, valor) VALUES (1001108, 1000000, 0, 100, 100, '8033000', 'Actividades de Investigación de Mercados y de Sondeos de la Opinión Pública.');
INSERT INTO icc_actividad_economica (icc_actividad_economica_id, ad_client_id, ad_org_id, createdby, updatedby, codigo, valor) VALUES (1001109, 1000000, 0, 100, 100, '8034000', 'Actividades de Consultoría de Gestión.');
INSERT INTO icc_actividad_economica (icc_actividad_economica_id, ad_client_id, ad_org_id, createdby, updatedby, codigo, valor) VALUES (1001110, 1000000, 0, 100, 100, '8035000', 'Actividades de Arquitectura e Ingeniería y Actividades Conexas de Asesoramiento Técnico.');
INSERT INTO icc_actividad_economica (icc_actividad_economica_id, ad_client_id, ad_org_id, createdby, updatedby, codigo, valor) VALUES (1001111, 1000000, 0, 100, 100, '8036000', 'Publicidad.');
INSERT INTO icc_actividad_economica (icc_actividad_economica_id, ad_client_id, ad_org_id, createdby, updatedby, codigo, valor) VALUES (1001112, 1000000, 0, 100, 100, '8037000', 'Actividades de Seguridad e Investigación.');
INSERT INTO icc_actividad_economica (icc_actividad_economica_id, ad_client_id, ad_org_id, createdby, updatedby, codigo, valor) VALUES (1001113, 1000000, 0, 100, 100, '8038000', 'Actividades de Limpieza de Edificios.');
INSERT INTO icc_actividad_economica (icc_actividad_economica_id, ad_client_id, ad_org_id, createdby, updatedby, codigo, valor) VALUES (1001114, 1000000, 0, 100, 100, '8039000', 'Otras Actividades Empresariales n.c.p.');
INSERT INTO icc_actividad_economica (icc_actividad_economica_id, ad_client_id, ad_org_id, createdby, updatedby, codigo, valor) VALUES (1001115, 1000000, 0, 100, 100, '9000000', 'Administración Pública y Defensa, Planes de Seguridad Social de Afiliación Obligatoria.');
INSERT INTO icc_actividad_economica (icc_actividad_economica_id, ad_client_id, ad_org_id, createdby, updatedby, codigo, valor) VALUES (1001116, 1000000, 0, 100, 100, '9010000', 'Administración Pública y Defensa, Planes de Seguridad Social de Afiliación Obligatoria.');
INSERT INTO icc_actividad_economica (icc_actividad_economica_id, ad_client_id, ad_org_id, createdby, updatedby, codigo, valor) VALUES (1001117, 1000000, 0, 100, 100, '9011000', 'Administración General.');
INSERT INTO icc_actividad_economica (icc_actividad_economica_id, ad_client_id, ad_org_id, createdby, updatedby, codigo, valor) VALUES (1001118, 1000000, 0, 100, 100, '9012000', 'Regulación de las Actividades de Organismos que Prestan Servicios de Salud, Educación, Cultura y Otros Servicios Sociales, Excepto Seguridad Social.');
INSERT INTO icc_actividad_economica (icc_actividad_economica_id, ad_client_id, ad_org_id, createdby, updatedby, codigo, valor) VALUES (1001119, 1000000, 0, 100, 100, '9013000', 'Regulación y Facilitación de la Actividad Económica.');
INSERT INTO icc_actividad_economica (icc_actividad_economica_id, ad_client_id, ad_org_id, createdby, updatedby, codigo, valor) VALUES (1001120, 1000000, 0, 100, 100, '9014000', 'Servicios de Apoyo a la Administración Pública.');
INSERT INTO icc_actividad_economica (icc_actividad_economica_id, ad_client_id, ad_org_id, createdby, updatedby, codigo, valor) VALUES (1001121, 1000000, 0, 100, 100, '9015000', 'Defensa.');
INSERT INTO icc_actividad_economica (icc_actividad_economica_id, ad_client_id, ad_org_id, createdby, updatedby, codigo, valor) VALUES (1001122, 1000000, 0, 100, 100, '9016000', 'Servicios de Seguridad Social de Afiliación Obligatoria.');
INSERT INTO icc_actividad_economica (icc_actividad_economica_id, ad_client_id, ad_org_id, createdby, updatedby, codigo, valor) VALUES (1001123, 1000000, 0, 100, 100, '9020000', 'Educación.');
INSERT INTO icc_actividad_economica (icc_actividad_economica_id, ad_client_id, ad_org_id, createdby, updatedby, codigo, valor) VALUES (1001124, 1000000, 0, 100, 100, '9021000', 'Educación Preescolar y Primaria.');
INSERT INTO icc_actividad_economica (icc_actividad_economica_id, ad_client_id, ad_org_id, createdby, updatedby, codigo, valor) VALUES (1001125, 1000000, 0, 100, 100, '9022000', 'Educación Secundaria.');
INSERT INTO icc_actividad_economica (icc_actividad_economica_id, ad_client_id, ad_org_id, createdby, updatedby, codigo, valor) VALUES (1001126, 1000000, 0, 100, 100, '9023000', 'Educación Superior.');
INSERT INTO icc_actividad_economica (icc_actividad_economica_id, ad_client_id, ad_org_id, createdby, updatedby, codigo, valor) VALUES (1001127, 1000000, 0, 100, 100, '9024000', 'Educación de Adultos y Otros Tipos de Educación.');
INSERT INTO icc_actividad_economica (icc_actividad_economica_id, ad_client_id, ad_org_id, createdby, updatedby, codigo, valor) VALUES (1001128, 1000000, 0, 100, 100, '9030000', 'Servicios Sociales y de Salud.');
INSERT INTO icc_actividad_economica (icc_actividad_economica_id, ad_client_id, ad_org_id, createdby, updatedby, codigo, valor) VALUES (1001129, 1000000, 0, 100, 100, '9031000', 'Actividades de Hospitales.');
INSERT INTO icc_actividad_economica (icc_actividad_economica_id, ad_client_id, ad_org_id, createdby, updatedby, codigo, valor) VALUES (1001130, 1000000, 0, 100, 100, '9032000', 'Actividades de Médicos y Odontólogos.');
INSERT INTO icc_actividad_economica (icc_actividad_economica_id, ad_client_id, ad_org_id, createdby, updatedby, codigo, valor) VALUES (1001131, 1000000, 0, 100, 100, '9033000', 'Otras Actividades de Salud Humana.');
INSERT INTO icc_actividad_economica (icc_actividad_economica_id, ad_client_id, ad_org_id, createdby, updatedby, codigo, valor) VALUES (1001132, 1000000, 0, 100, 100, '9034000', 'Actividades Veterinarias.');
INSERT INTO icc_actividad_economica (icc_actividad_economica_id, ad_client_id, ad_org_id, createdby, updatedby, codigo, valor) VALUES (1001133, 1000000, 0, 100, 100, '9035000', 'Actividades de Servicios Sociales.');
INSERT INTO icc_actividad_economica (icc_actividad_economica_id, ad_client_id, ad_org_id, createdby, updatedby, codigo, valor) VALUES (1001134, 1000000, 0, 100, 100, '9040000', 'Actividades de Saneamiento y Similares.');
INSERT INTO icc_actividad_economica (icc_actividad_economica_id, ad_client_id, ad_org_id, createdby, updatedby, codigo, valor) VALUES (1001135, 1000000, 0, 100, 100, '9041000', 'Eliminación de Desechos.');
INSERT INTO icc_actividad_economica (icc_actividad_economica_id, ad_client_id, ad_org_id, createdby, updatedby, codigo, valor) VALUES (1001136, 1000000, 0, 100, 100, '9042000', 'Actividades de Saneamiento y Similares n.c.p.');
INSERT INTO icc_actividad_economica (icc_actividad_economica_id, ad_client_id, ad_org_id, createdby, updatedby, codigo, valor) VALUES (1001137, 1000000, 0, 100, 100, '9050000', 'Actividades de Asociaciones.');
INSERT INTO icc_actividad_economica (icc_actividad_economica_id, ad_client_id, ad_org_id, createdby, updatedby, codigo, valor) VALUES (1001138, 1000000, 0, 100, 100, '9051000', 'Actividades de Asociaciones Empresariales y de Empleadores.');
INSERT INTO icc_actividad_economica (icc_actividad_economica_id, ad_client_id, ad_org_id, createdby, updatedby, codigo, valor) VALUES (1001139, 1000000, 0, 100, 100, '9052000', 'Actividades de Asociaciones Profesionales.');
INSERT INTO icc_actividad_economica (icc_actividad_economica_id, ad_client_id, ad_org_id, createdby, updatedby, codigo, valor) VALUES (1001140, 1000000, 0, 100, 100, '9059000', 'Actividades de Otras Asociaciones.');
INSERT INTO icc_actividad_economica (icc_actividad_economica_id, ad_client_id, ad_org_id, createdby, updatedby, codigo, valor) VALUES (1001141, 1000000, 0, 100, 100, '9060000', 'Actividades de Esparcimiento y Culturales.');
INSERT INTO icc_actividad_economica (icc_actividad_economica_id, ad_client_id, ad_org_id, createdby, updatedby, codigo, valor) VALUES (1001142, 1000000, 0, 100, 100, '9061000', 'Producción y Distribución de Películas Cinematográficas y de Video.');
INSERT INTO icc_actividad_economica (icc_actividad_economica_id, ad_client_id, ad_org_id, createdby, updatedby, codigo, valor) VALUES (1001143, 1000000, 0, 100, 100, '9062000', 'Actividades de Radio y Televisión.');
INSERT INTO icc_actividad_economica (icc_actividad_economica_id, ad_client_id, ad_org_id, createdby, updatedby, codigo, valor) VALUES (1001144, 1000000, 0, 100, 100, '9063000', 'Actividades Teatrales y Musicales y Otras Actividades Artísticas.');
INSERT INTO icc_actividad_economica (icc_actividad_economica_id, ad_client_id, ad_org_id, createdby, updatedby, codigo, valor) VALUES (1001145, 1000000, 0, 100, 100, '9064000', 'Actividades de Bibliotecas, Archivos, Museos y Otras Actividades Culturales.');
INSERT INTO icc_actividad_economica (icc_actividad_economica_id, ad_client_id, ad_org_id, createdby, updatedby, codigo, valor) VALUES (1001146, 1000000, 0, 100, 100, '9065000', 'Actividades de Parques de Atracciones y Otros Lugares de Esparcimiento.');
INSERT INTO icc_actividad_economica (icc_actividad_economica_id, ad_client_id, ad_org_id, createdby, updatedby, codigo, valor) VALUES (1001147, 1000000, 0, 100, 100, '9066000', 'Actividades Deportivas.');
INSERT INTO icc_actividad_economica (icc_actividad_economica_id, ad_client_id, ad_org_id, createdby, updatedby, codigo, valor) VALUES (1001148, 1000000, 0, 100, 100, '9069000', 'Otras Actividades de Esparcimiento y Culturales n.c.p.');
INSERT INTO icc_actividad_economica (icc_actividad_economica_id, ad_client_id, ad_org_id, createdby, updatedby, codigo, valor) VALUES (1001149, 1000000, 0, 100, 100, '9070000', 'Otras Actividades de Servicios.');
INSERT INTO icc_actividad_economica (icc_actividad_economica_id, ad_client_id, ad_org_id, createdby, updatedby, codigo, valor) VALUES (1001150, 1000000, 0, 100, 100, '9071000', 'Lavado y Limpieza de Prendas de Tejido y de Productos de Piel.');
INSERT INTO icc_actividad_economica (icc_actividad_economica_id, ad_client_id, ad_org_id, createdby, updatedby, codigo, valor) VALUES (1001151, 1000000, 0, 100, 100, '9072000', 'Peluquería y Otros Tratamientos de Belleza.');
INSERT INTO icc_actividad_economica (icc_actividad_economica_id, ad_client_id, ad_org_id, createdby, updatedby, codigo, valor) VALUES (1001152, 1000000, 0, 100, 100, '9073000', 'Otras Actividades de Servicios Personales.');
INSERT INTO icc_actividad_economica (icc_actividad_economica_id, ad_client_id, ad_org_id, createdby, updatedby, codigo, valor) VALUES (1001153, 1000000, 0, 100, 100, '9074000', 'Actividades de Funerarias y Conexas.');
INSERT INTO icc_actividad_economica (icc_actividad_economica_id, ad_client_id, ad_org_id, createdby, updatedby, codigo, valor) VALUES (1001154, 1000000, 0, 100, 100, '9079000', 'Otras Actividades de Servicios n.c.p.');


INSERT INTO icc_actividad_economica (icc_actividad_economica_id, ad_client_id, ad_org_id, createdby, updatedby, codigo, valor) VALUES (1001155, 1000000, 0, 100, 100, '9080000', 'Actividades de Hogares Privados con Servicio Doméstico.');
INSERT INTO icc_actividad_economica (icc_actividad_economica_id, ad_client_id, ad_org_id, createdby, updatedby, codigo, valor) VALUES (1001156, 1000000, 0, 100, 100, '9081000', 'Actividades de Hogares Privados con Servicio Doméstico.');
INSERT INTO icc_actividad_economica (icc_actividad_economica_id, ad_client_id, ad_org_id, createdby, updatedby, codigo, valor) VALUES (1001157, 1000000, 0, 100, 100, '9090000', 'Actividades de Organizaciones y Órganos Extraterritoriales.');
INSERT INTO icc_actividad_economica (icc_actividad_economica_id, ad_client_id, ad_org_id, createdby, updatedby, codigo, valor) VALUES (1001158, 1000000, 0, 100, 100, '9091000', 'Actividades de Organizaciones y Órganos Extraterritoriales.');

INSERT INTO icc_nivel_educativo (icc_nivel_educativo_id, ad_client_id, ad_org_id, createdby, updatedby, codigo, valor) VALUES (1000000, 1000000, 0, 100, 100, 'NI', 'Ninguna');
INSERT INTO icc_nivel_educativo (icc_nivel_educativo_id, ad_client_id, ad_org_id, createdby, updatedby, codigo, valor) VALUES (1000001, 1000000, 0, 100, 100, 'PR', 'Primaria');
INSERT INTO icc_nivel_educativo (icc_nivel_educativo_id, ad_client_id, ad_org_id, createdby, updatedby, codigo, valor) VALUES (1000002, 1000000, 0, 100, 100, 'SE', 'Secundaria');
INSERT INTO icc_nivel_educativo (icc_nivel_educativo_id, ad_client_id, ad_org_id, createdby, updatedby, codigo, valor) VALUES (1000003, 1000000, 0, 100, 100, 'UN', 'Universidad');
INSERT INTO icc_nivel_educativo (icc_nivel_educativo_id, ad_client_id, ad_org_id, createdby, updatedby, codigo, valor) VALUES (1000004, 1000000, 0, 100, 100, 'MA', 'Maestría');
INSERT INTO icc_nivel_educativo (icc_nivel_educativo_id, ad_client_id, ad_org_id, createdby, updatedby, codigo, valor) VALUES (1000005, 1000000, 0, 100, 100, 'DO', 'Doctorado');

INSERT INTO icc_condicion_laboral (icc_condicion_laboral_id, ad_client_id, ad_org_id, createdby, updatedby, codigo, valor) VALUES (1000000, 1000000, 0, 100, 100, 'E', 'Empleado');
INSERT INTO icc_condicion_laboral (icc_condicion_laboral_id, ad_client_id, ad_org_id, createdby, updatedby, codigo, valor) VALUES (1000001, 1000000, 0, 100, 100, 'D', 'Desempleado');
INSERT INTO icc_condicion_laboral (icc_condicion_laboral_id, ad_client_id, ad_org_id, createdby, updatedby, codigo, valor) VALUES (1000002, 1000000, 0, 100, 100, 'I', 'Irregular');
